Team 1,Team 2,Winner,Margin,Ground,Match Date,Year,Scorecard
b'Mum Indians',b'Supergiants',b'Supergiants',b'9 wickets',b'Mumbai',NA,NA,b'http://stats.espncricinfo.com/indian-premier-league-2016/engine/match/980901.html'
b'KKR',b'Daredevils',b'KKR',b'9 wickets',b'Kolkata',NA,NA,b'http://stats.espncricinfo.com/indian-premier-league-2016/engine/match/980903.html'
b'Kings XI',b'Guj Lions',b'Guj Lions',b'5 wickets',b'Mohali',NA,NA,b'http://stats.espncricinfo.com/indian-premier-league-2016/engine/match/980905.html'
b'RCB',b'Sunrisers',b'RCB',b'45 runs',b'Bengaluru',NA,NA,b'http://stats.espncricinfo.com/indian-premier-league-2016/engine/match/980907.html'
b'KKR',b'Mum Indians',b'Mum Indians',b'6 wickets',b'Kolkata',NA,NA,b'http://stats.espncricinfo.com/indian-premier-league-2016/engine/match/980909.html'
b'Guj Lions',b'Supergiants',b'Guj Lions',b'7 wickets',b'Rajkot',NA,NA,b'http://stats.espncricinfo.com/indian-premier-league-2016/engine/match/980911.html'
b'Daredevils',b'Kings XI',b'Daredevils',b'8 wickets',b'Delhi',NA,NA,b'http://stats.espncricinfo.com/indian-premier-league-2016/engine/match/980913.html'
b'Sunrisers',b'KKR',b'KKR',b'8 wickets',b'Hyderabad (Deccan)',NA,NA,b'http://stats.espncricinfo.com/indian-premier-league-2016/engine/match/980915.html'
b'Mum Indians',b'Guj Lions',b'Guj Lions',b'3 wickets',b'Mumbai',NA,NA,b'http://stats.espncricinfo.com/indian-premier-league-2016/engine/match/980917.html'
b'Kings XI',b'Supergiants',b'Kings XI',b'6 wickets',b'Mohali',NA,NA,b'http://stats.espncricinfo.com/indian-premier-league-2016/engine/match/980919.html'
b'RCB',b'Daredevils',b'Daredevils',b'7 wickets',b'Bengaluru',NA,NA,b'http://stats.espncricinfo.com/indian-premier-league-2016/engine/match/980921.html'
b'Sunrisers',b'Mum Indians',b'Sunrisers',b'7 wickets',b'Hyderabad (Deccan)',NA,NA,b'http://stats.espncricinfo.com/indian-premier-league-2016/engine/match/980923.html'
b'Kings XI',b'KKR',b'KKR',b'6 wickets',b'Mohali',NA,NA,b'http://stats.espncricinfo.com/indian-premier-league-2016/engine/match/980925.html'
b'Mum Indians',b'RCB',b'Mum Indians',b'6 wickets',b'Mumbai',NA,NA,b'http://stats.espncricinfo.com/indian-premier-league-2016/engine/match/980927.html'
b'Guj Lions',b'Sunrisers',b'Sunrisers',b'10 wickets',b'Rajkot',NA,NA,b'http://stats.espncricinfo.com/indian-premier-league-2016/engine/match/980929.html'
b'Supergiants',b'RCB',b'RCB',b'13 runs',b'Pune',NA,NA,b'http://stats.espncricinfo.com/indian-premier-league-2016/engine/match/980931.html'
b'Daredevils',b'Mum Indians',b'Daredevils',b'10 runs',b'Delhi',NA,NA,b'http://stats.espncricinfo.com/indian-premier-league-2016/engine/match/980933.html'
b'Sunrisers',b'Kings XI',b'Sunrisers',b'5 wickets',b'Hyderabad (Deccan)',NA,NA,b'http://stats.espncricinfo.com/indian-premier-league-2016/engine/match/980935.html'
b'Guj Lions',b'RCB',b'Guj Lions',b'6 wickets',b'Rajkot',NA,NA,b'http://stats.espncricinfo.com/indian-premier-league-2016/engine/match/980937.html'
b'Supergiants',b'KKR',b'KKR',b'2 wickets',b'Pune',NA,NA,b'http://stats.espncricinfo.com/indian-premier-league-2016/engine/match/980939.html'
b'Kings XI',b'Mum Indians',b'Mum Indians',b'25 runs',b'Mohali',NA,NA,b'http://stats.espncricinfo.com/indian-premier-league-2016/engine/match/980941.html'
b'Sunrisers',b'Supergiants',b'Supergiants',b'34 runs',b'Hyderabad (Deccan)',NA,NA,b'http://stats.espncricinfo.com/indian-premier-league-2016/engine/match/980943.html'
b'Daredevils',b'Guj Lions',b'Guj Lions',b'1 run',b'Delhi',NA,NA,b'http://stats.espncricinfo.com/indian-premier-league-2016/engine/match/980945.html'
b'Mum Indians',b'KKR',b'Mum Indians',b'6 wickets',b'Mumbai',NA,NA,b'http://stats.espncricinfo.com/indian-premier-league-2016/engine/match/980947.html'
b'Supergiants',b'Guj Lions',b'Guj Lions',b'3 wickets',b'Pune',NA,NA,b'http://stats.espncricinfo.com/indian-premier-league-2016/engine/match/980949.html'
b'Daredevils',b'KKR',b'Daredevils',b'27 runs',b'Delhi',NA,NA,b'http://stats.espncricinfo.com/indian-premier-league-2016/engine/match/980951.html'
b'Sunrisers',b'RCB',b'Sunrisers',b'15 runs',b'Hyderabad (Deccan)',NA,NA,b'http://stats.espncricinfo.com/indian-premier-league-2016/engine/match/980953.html'
b'Guj Lions',b'Kings XI',b'Kings XI',b'23 runs',b'Rajkot',NA,NA,b'http://stats.espncricinfo.com/indian-premier-league-2016/engine/match/980955.html'
b'Supergiants',b'Mum Indians',b'Mum Indians',b'8 wickets',b'Pune',NA,NA,b'http://stats.espncricinfo.com/indian-premier-league-2016/engine/match/980957.html'
b'RCB',b'KKR',b'KKR',b'5 wickets',b'Bengaluru',NA,NA,b'http://stats.espncricinfo.com/indian-premier-league-2016/engine/match/980959.html'
b'Guj Lions',b'Daredevils',b'Daredevils',b'8 wickets',b'Rajkot',NA,NA,b'http://stats.espncricinfo.com/indian-premier-league-2016/engine/match/980961.html'
b'KKR',b'Kings XI',b'KKR',b'7 runs',b'Kolkata',NA,NA,b'http://stats.espncricinfo.com/indian-premier-league-2016/engine/match/980963.html'
b'Daredevils',b'Supergiants',b'Supergiants',b'7 wickets',b'Delhi',NA,NA,b'http://stats.espncricinfo.com/indian-premier-league-2016/engine/match/980965.html'
b'Sunrisers',b'Guj Lions',b'Sunrisers',b'5 wickets',b'Hyderabad (Deccan)',NA,NA,b'http://stats.espncricinfo.com/indian-premier-league-2016/engine/match/980967.html'
b'RCB',b'Supergiants',b'RCB',b'7 wickets',b'Bengaluru',NA,NA,b'http://stats.espncricinfo.com/indian-premier-league-2016/engine/match/980969.html'
b'Kings XI',b'Daredevils',b'Kings XI',b'9 runs',b'Mohali',NA,NA,b'http://stats.espncricinfo.com/indian-premier-league-2016/engine/match/980971.html'
b'Mum Indians',b'Sunrisers',b'Sunrisers',b'85 runs',b'Visakhapatnam',NA,NA,b'http://stats.espncricinfo.com/indian-premier-league-2016/engine/match/980973.html'
b'KKR',b'Guj Lions',b'Guj Lions',b'5 wickets',b'Kolkata',NA,NA,b'http://stats.espncricinfo.com/indian-premier-league-2016/engine/match/980975.html'
b'Kings XI',b'RCB',b'RCB',b'1 run',b'Mohali',NA,NA,b'http://stats.espncricinfo.com/indian-premier-league-2016/engine/match/980977.html'
b'Supergiants',b'Sunrisers',b'Sunrisers',b'4 runs',b'Visakhapatnam',NA,NA,b'http://stats.espncricinfo.com/indian-premier-league-2016/engine/match/980979.html'
b'RCB',b'Mum Indians',b'Mum Indians',b'6 wickets',b'Bengaluru',NA,NA,b'http://stats.espncricinfo.com/indian-premier-league-2016/engine/match/980981.html'
b'Sunrisers',b'Daredevils',b'Daredevils',b'7 wickets',b'Hyderabad (Deccan)',NA,NA,b'http://stats.espncricinfo.com/indian-premier-league-2016/engine/match/980983.html'
b'Mum Indians',b'Kings XI',b'Kings XI',b'7 wickets',b'Visakhapatnam',NA,NA,b'http://stats.espncricinfo.com/indian-premier-league-2016/engine/match/980985.html'
b'RCB',b'Guj Lions',b'RCB',b'144 runs',b'Bengaluru',NA,NA,b'http://stats.espncricinfo.com/indian-premier-league-2016/engine/match/980987.html'
b'KKR',b'Supergiants',b'KKR',b'8 wickets',b'Kolkata',NA,NA,b'http://stats.espncricinfo.com/indian-premier-league-2016/engine/match/980989.html'
b'Kings XI',b'Sunrisers',b'Sunrisers',b'7 wickets',b'Mohali',NA,NA,b'http://stats.espncricinfo.com/indian-premier-league-2016/engine/match/980991.html'
b'Mum Indians',b'Daredevils',b'Mum Indians',b'80 runs',b'Visakhapatnam',NA,NA,b'http://stats.espncricinfo.com/indian-premier-league-2016/engine/match/980993.html'
b'KKR',b'RCB',b'RCB',b'9 wickets',b'Kolkata',NA,NA,b'http://stats.espncricinfo.com/indian-premier-league-2016/engine/match/980995.html'
b'Supergiants',b'Daredevils',b'Supergiants',b'19 runs',b'Visakhapatnam',NA,NA,b'http://stats.espncricinfo.com/indian-premier-league-2016/engine/match/980997.html'
b'RCB',b'Kings XI',b'RCB',b'82 runs',b'Bengaluru',NA,NA,b'http://stats.espncricinfo.com/indian-premier-league-2016/engine/match/980999.html'
b'Guj Lions',b'KKR',b'Guj Lions',b'6 wickets',b'Kanpur',NA,NA,b'http://stats.espncricinfo.com/indian-premier-league-2016/engine/match/981001.html'
b'Daredevils',b'Sunrisers',b'Daredevils',b'6 wickets',b'Raipur',NA,NA,b'http://stats.espncricinfo.com/indian-premier-league-2016/engine/match/981003.html'
b'Supergiants',b'Kings XI',b'Supergiants',b'4 wickets',b'Visakhapatnam',NA,NA,b'http://stats.espncricinfo.com/indian-premier-league-2016/engine/match/981005.html'
b'Guj Lions',b'Mum Indians',b'Guj Lions',b'6 wickets',b'Kanpur',NA,NA,b'http://stats.espncricinfo.com/indian-premier-league-2016/engine/match/981007.html'
b'KKR',b'Sunrisers',b'KKR',b'22 runs',b'Kolkata',NA,NA,b'http://stats.espncricinfo.com/indian-premier-league-2016/engine/match/981009.html'
b'Daredevils',b'RCB',b'RCB',b'6 wickets',b'Raipur',NA,NA,b'http://stats.espncricinfo.com/indian-premier-league-2016/engine/match/981011.html'
b'Guj Lions',b'RCB',b'RCB',b'4 wickets',b'Bengaluru',NA,NA,b'http://stats.espncricinfo.com/indian-premier-league-2016/engine/match/981013.html'
b'Sunrisers',b'KKR',b'Sunrisers',b'22 runs',b'Delhi',NA,NA,b'http://stats.espncricinfo.com/indian-premier-league-2016/engine/match/981015.html'
b'Guj Lions',b'Sunrisers',b'Sunrisers',b'4 wickets',b'Delhi',NA,NA,b'http://stats.espncricinfo.com/indian-premier-league-2016/engine/match/981017.html'
b'RCB',b'Sunrisers',b'Sunrisers',b'8 runs',b'Bengaluru',NA,NA,b'http://stats.espncricinfo.com/indian-premier-league-2016/engine/match/981019.html'
b'KKR',b'Mum Indians',b'KKR',b'7 wickets',b'Kolkata',NA,NA,b'http://stats.espncricinfo.com/indian-premier-league-2015/engine/match/829705.html'
b'Super Kings',b'Daredevils',b'Super Kings',b'1 run',b'Chennai',NA,NA,b'http://stats.espncricinfo.com/indian-premier-league-2015/engine/match/829707.html'
b'Kings XI',b'Royals',b'Royals',b'26 runs',b'Pune',NA,NA,b'http://stats.espncricinfo.com/indian-premier-league-2015/engine/match/829709.html'
b'Super Kings',b'Sunrisers',b'Super Kings',b'45 runs',b'Chennai',NA,NA,b'http://stats.espncricinfo.com/indian-premier-league-2015/engine/match/829711.html'
b'KKR',b'RCB',b'RCB',b'3 wickets',b'Kolkata',NA,NA,b'http://stats.espncricinfo.com/indian-premier-league-2015/engine/match/829713.html'
b'Daredevils',b'Royals',b'Royals',b'3 wickets',b'Delhi',NA,NA,b'http://stats.espncricinfo.com/indian-premier-league-2015/engine/match/829715.html'
b'Mum Indians',b'Kings XI',b'Kings XI',b'18 runs',b'Mumbai',NA,NA,b'http://stats.espncricinfo.com/indian-premier-league-2015/engine/match/829717.html'
b'RCB',b'Sunrisers',b'Sunrisers',b'8 wickets',b'Bengaluru',NA,NA,b'http://stats.espncricinfo.com/indian-premier-league-2015/engine/match/829719.html'
b'Royals',b'Mum Indians',b'Royals',b'7 wickets',b'Ahmedabad',NA,NA,b'http://stats.espncricinfo.com/indian-premier-league-2015/engine/match/829721.html'
b'Kings XI',b'Daredevils',b'Daredevils',b'5 wickets',b'Pune',NA,NA,b'http://stats.espncricinfo.com/indian-premier-league-2015/engine/match/829725.html'
b'Sunrisers',b'Royals',b'Royals',b'6 wickets',b'Visakhapatnam',NA,NA,b'http://stats.espncricinfo.com/indian-premier-league-2015/engine/match/829727.html'
b'Mum Indians',b'Super Kings',b'Super Kings',b'6 wickets',b'Mumbai',NA,NA,b'http://stats.espncricinfo.com/indian-premier-league-2015/engine/match/829729.html'
b'Sunrisers',b'Daredevils',b'Daredevils',b'4 runs',b'Visakhapatnam',NA,NA,b'http://stats.espncricinfo.com/indian-premier-league-2015/engine/match/829731.html'
b'Kings XI',b'KKR',b'KKR',b'4 wickets',b'Pune',NA,NA,b'http://stats.espncricinfo.com/indian-premier-league-2015/engine/match/829733.html'
b'Royals',b'Super Kings',b'Royals',b'8 wickets',b'Ahmedabad',NA,NA,b'http://stats.espncricinfo.com/indian-premier-league-2015/engine/match/829735.html'
b'RCB',b'Mum Indians',b'Mum Indians',b'18 runs',b'Bengaluru',NA,NA,b'http://stats.espncricinfo.com/indian-premier-league-2015/engine/match/829737.html'
b'Daredevils',b'KKR',b'KKR',b'6 wickets',b'Delhi',NA,NA,b'http://stats.espncricinfo.com/indian-premier-league-2015/engine/match/829739.html'
b'Royals',b'Kings XI',b'tied',b'',b'Ahmedabad',NA,NA,b'http://stats.espncricinfo.com/indian-premier-league-2015/engine/match/829741.html'
b'Sunrisers',b'KKR',b'Sunrisers',b'16 runs',b'Visakhapatnam',NA,NA,b'http://stats.espncricinfo.com/indian-premier-league-2015/engine/match/829743.html'
b'RCB',b'Super Kings',b'Super Kings',b'27 runs',b'Bengaluru',NA,NA,b'http://stats.espncricinfo.com/indian-premier-league-2015/engine/match/829745.html'
b'Daredevils',b'Mum Indians',b'Daredevils',b'37 runs',b'Delhi',NA,NA,b'http://stats.espncricinfo.com/indian-premier-league-2015/engine/match/829747.html'
b'Royals',b'RCB',b'RCB',b'9 wickets',b'Ahmedabad',NA,NA,b'http://stats.espncricinfo.com/indian-premier-league-2015/engine/match/829749.html'
b'Mum Indians',b'Sunrisers',b'Mum Indians',b'20 runs',b'Mumbai',NA,NA,b'http://stats.espncricinfo.com/indian-premier-league-2015/engine/match/829751.html'
b'Super Kings',b'Kings XI',b'Super Kings',b'97 runs',b'Chennai',NA,NA,b'http://stats.espncricinfo.com/indian-premier-league-2015/engine/match/829753.html'
b'KKR',b'Royals',b'abandoned',b'',b'Kolkata',NA,NA,b'http://stats.espncricinfo.com/indian-premier-league-2015/engine/match/829755.html'
b'Daredevils',b'RCB',b'RCB',b'10 wickets',b'Delhi',NA,NA,b'http://stats.espncricinfo.com/indian-premier-league-2015/engine/match/829757.html'
b'Kings XI',b'Sunrisers',b'Sunrisers',b'20 runs',b'Mohali',NA,NA,b'http://stats.espncricinfo.com/indian-premier-league-2015/engine/match/829759.html'
b'Super Kings',b'KKR',b'Super Kings',b'2 runs',b'Chennai',NA,NA,b'http://stats.espncricinfo.com/indian-premier-league-2015/engine/match/829765.html'
b'RCB',b'Royals',b'no result',b'',b'Bengaluru',NA,NA,b'http://stats.espncricinfo.com/indian-premier-league-2015/engine/match/829763.html'
b'KKR',b'Super Kings',b'KKR',b'7 wickets',b'Kolkata',NA,NA,b'http://stats.espncricinfo.com/indian-premier-league-2015/engine/match/829723.html'
b'Daredevils',b'Kings XI',b'Daredevils',b'9 wickets',b'Delhi',NA,NA,b'http://stats.espncricinfo.com/indian-premier-league-2015/engine/match/829767.html'
b'Mum Indians',b'Royals',b'Mum Indians',b'8 runs',b'Mumbai',NA,NA,b'http://stats.espncricinfo.com/indian-premier-league-2015/engine/match/829769.html'
b'RCB',b'KKR',b'RCB',b'7 wickets',b'Bengaluru',NA,NA,b'http://stats.espncricinfo.com/indian-premier-league-2015/engine/match/829771.html'
b'Sunrisers',b'Super Kings',b'Sunrisers',b'22 runs',b'Hyderabad (Deccan)',NA,NA,b'http://stats.espncricinfo.com/indian-premier-league-2015/engine/match/829773.html'
b'Kings XI',b'Mum Indians',b'Mum Indians',b'23 runs',b'Mohali',NA,NA,b'http://stats.espncricinfo.com/indian-premier-league-2015/engine/match/829775.html'
b'Royals',b'Daredevils',b'Royals',b'14 runs',b'Mumbai (BS)',NA,NA,b'http://stats.espncricinfo.com/indian-premier-league-2015/engine/match/829777.html'
b'Super Kings',b'RCB',b'Super Kings',b'24 runs',b'Chennai',NA,NA,b'http://stats.espncricinfo.com/indian-premier-league-2015/engine/match/829779.html'
b'KKR',b'Sunrisers',b'KKR',b'35 runs',b'Kolkata',NA,NA,b'http://stats.espncricinfo.com/indian-premier-league-2015/engine/match/829781.html'
b'Mum Indians',b'Daredevils',b'Mum Indians',b'5 wickets',b'Mumbai',NA,NA,b'http://stats.espncricinfo.com/indian-premier-league-2015/engine/match/829783.html'
b'RCB',b'Kings XI',b'RCB',b'138 runs',b'Bengaluru',NA,NA,b'http://stats.espncricinfo.com/indian-premier-league-2015/engine/match/829785.html'
b'Royals',b'Sunrisers',b'Sunrisers',b'7 runs',b'Mumbai (BS)',NA,NA,b'http://stats.espncricinfo.com/indian-premier-league-2015/engine/match/829787.html'
b'KKR',b'Daredevils',b'KKR',b'13 runs',b'Kolkata',NA,NA,b'http://stats.espncricinfo.com/indian-premier-league-2015/engine/match/829761.html'
b'Super Kings',b'Mum Indians',b'Mum Indians',b'6 wickets',b'Chennai',NA,NA,b'http://stats.espncricinfo.com/indian-premier-league-2015/engine/match/829789.html'
b'KKR',b'Kings XI',b'KKR',b'1 wicket',b'Kolkata',NA,NA,b'http://stats.espncricinfo.com/indian-premier-league-2015/engine/match/829791.html'
b'Daredevils',b'Sunrisers',b'Sunrisers',b'6 runs',b'Raipur',NA,NA,b'http://stats.espncricinfo.com/indian-premier-league-2015/engine/match/829793.html'
b'Mum Indians',b'RCB',b'RCB',b'39 runs',b'Mumbai',NA,NA,b'http://stats.espncricinfo.com/indian-premier-league-2015/engine/match/829795.html'
b'Super Kings',b'Royals',b'Super Kings',b'12 runs',b'Chennai',NA,NA,b'http://stats.espncricinfo.com/indian-premier-league-2015/engine/match/829797.html'
b'Sunrisers',b'Kings XI',b'Sunrisers',b'5 runs',b'Hyderabad (Deccan)',NA,NA,b'http://stats.espncricinfo.com/indian-premier-league-2015/engine/match/829799.html'
b'Daredevils',b'Super Kings',b'Daredevils',b'6 wickets',b'Raipur',NA,NA,b'http://stats.espncricinfo.com/indian-premier-league-2015/engine/match/829801.html'
b'Kings XI',b'RCB',b'Kings XI',b'22 runs',b'Mohali',NA,NA,b'http://stats.espncricinfo.com/indian-premier-league-2015/engine/match/829803.html'
b'Mum Indians',b'KKR',b'Mum Indians',b'5 runs',b'Mumbai',NA,NA,b'http://stats.espncricinfo.com/indian-premier-league-2015/engine/match/829805.html'
b'Sunrisers',b'RCB',b'RCB',b'6 wickets',b'Hyderabad (Deccan)',NA,NA,b'http://stats.espncricinfo.com/indian-premier-league-2015/engine/match/829807.html'
b'Kings XI',b'Super Kings',b'Super Kings',b'7 wickets',b'Mohali',NA,NA,b'http://stats.espncricinfo.com/indian-premier-league-2015/engine/match/829809.html'
b'Royals',b'KKR',b'Royals',b'9 runs',b'Mumbai (BS)',NA,NA,b'http://stats.espncricinfo.com/indian-premier-league-2015/engine/match/829811.html'
b'RCB',b'Daredevils',b'no result',b'',b'Bengaluru',NA,NA,b'http://stats.espncricinfo.com/indian-premier-league-2015/engine/match/829813.html'
b'Sunrisers',b'Mum Indians',b'Mum Indians',b'9 wickets',b'Hyderabad (Deccan)',NA,NA,b'http://stats.espncricinfo.com/indian-premier-league-2015/engine/match/829815.html'
b'Super Kings',b'Mum Indians',b'Mum Indians',b'25 runs',b'Mumbai',NA,NA,b'http://stats.espncricinfo.com/indian-premier-league-2015/engine/match/829817.html'
b'RCB',b'Royals',b'RCB',b'71 runs',b'Pune',NA,NA,b'http://stats.espncricinfo.com/indian-premier-league-2015/engine/match/829819.html'
b'Super Kings',b'RCB',b'Super Kings',b'3 wickets',b'Ranchi',NA,NA,b'http://stats.espncricinfo.com/indian-premier-league-2015/engine/match/829821.html'
b'Mum Indians',b'Super Kings',b'Mum Indians',b'41 runs',b'Kolkata',NA,NA,b'http://stats.espncricinfo.com/indian-premier-league-2015/engine/match/829823.html'
b'Mum Indians',b'KKR',b'KKR',b'41 runs',b'Abu Dhabi',NA,NA,b'http://stats.espncricinfo.com/indian-premier-league-2014/engine/match/729279.html'
b'Daredevils',b'RCB',b'RCB',b'8 wickets',b'Sharjah',NA,NA,b'http://stats.espncricinfo.com/indian-premier-league-2014/engine/match/729281.html'
b'Super Kings',b'Kings XI',b'Kings XI',b'6 wickets',b'Abu Dhabi',NA,NA,b'http://stats.espncricinfo.com/indian-premier-league-2014/engine/match/729283.html'
b'Sunrisers',b'Royals',b'Royals',b'4 wickets',b'Abu Dhabi',NA,NA,b'http://stats.espncricinfo.com/indian-premier-league-2014/engine/match/729285.html'
b'RCB',b'Mum Indians',b'RCB',b'7 wickets',b'Dubai (DSC)',NA,NA,b'http://stats.espncricinfo.com/indian-premier-league-2014/engine/match/729287.html'
b'KKR',b'Daredevils',b'Daredevils',b'4 wickets',b'Dubai (DSC)',NA,NA,b'http://stats.espncricinfo.com/indian-premier-league-2014/engine/match/729289.html'
b'Royals',b'Kings XI',b'Kings XI',b'7 wickets',b'Sharjah',NA,NA,b'http://stats.espncricinfo.com/indian-premier-league-2014/engine/match/729291.html'
b'Super Kings',b'Daredevils',b'Super Kings',b'93 runs',b'Abu Dhabi',NA,NA,b'http://stats.espncricinfo.com/indian-premier-league-2014/engine/match/729293.html'
b'Kings XI',b'Sunrisers',b'Kings XI',b'72 runs',b'Sharjah',NA,NA,b'http://stats.espncricinfo.com/indian-premier-league-2014/engine/match/729295.html'
b'Royals',b'Super Kings',b'Super Kings',b'7 runs',b'Dubai (DSC)',NA,NA,b'http://stats.espncricinfo.com/indian-premier-league-2014/engine/match/729297.html'
b'RCB',b'KKR',b'KKR',b'2 runs',b'Sharjah',NA,NA,b'http://stats.espncricinfo.com/indian-premier-league-2014/engine/match/729299.html'
b'Sunrisers',b'Daredevils',b'Sunrisers',b'4 runs',b'Dubai (DSC)',NA,NA,b'http://stats.espncricinfo.com/indian-premier-league-2014/engine/match/729301.html'
b'Super Kings',b'Mum Indians',b'Super Kings',b'7 wickets',b'Dubai (DSC)',NA,NA,b'http://stats.espncricinfo.com/indian-premier-league-2014/engine/match/729303.html'
b'Royals',b'RCB',b'Royals',b'6 wickets',b'Abu Dhabi',NA,NA,b'http://stats.espncricinfo.com/indian-premier-league-2014/engine/match/729305.html'
b'KKR',b'Kings XI',b'Kings XI',b'23 runs',b'Abu Dhabi',NA,NA,b'http://stats.espncricinfo.com/indian-premier-league-2014/engine/match/729307.html'
b'Daredevils',b'Mum Indians',b'Daredevils',b'6 wickets',b'Sharjah',NA,NA,b'http://stats.espncricinfo.com/indian-premier-league-2014/engine/match/729309.html'
b'Sunrisers',b'Super Kings',b'Super Kings',b'5 wickets',b'Sharjah',NA,NA,b'http://stats.espncricinfo.com/indian-premier-league-2014/engine/match/729311.html'
b'Kings XI',b'RCB',b'Kings XI',b'5 wickets',b'Dubai (DSC)',NA,NA,b'http://stats.espncricinfo.com/indian-premier-league-2014/engine/match/729313.html'
b'KKR',b'Royals',b'tied',b'',b'Abu Dhabi',NA,NA,b'http://stats.espncricinfo.com/indian-premier-league-2014/engine/match/729315.html'
b'Mum Indians',b'Sunrisers',b'Sunrisers',b'15 runs',b'Dubai (DSC)',NA,NA,b'http://stats.espncricinfo.com/indian-premier-league-2014/engine/match/729317.html'
b'Super Kings',b'KKR',b'Super Kings',b'34 runs',b'Ranchi',NA,NA,b'http://stats.espncricinfo.com/indian-premier-league-2014/engine/match/733971.html'
b'Mum Indians',b'Kings XI',b'Mum Indians',b'5 wickets',b'Mumbai',NA,NA,b'http://stats.espncricinfo.com/indian-premier-league-2014/engine/match/733973.html'
b'Daredevils',b'Royals',b'Royals',b'7 wickets',b'Delhi',NA,NA,b'http://stats.espncricinfo.com/indian-premier-league-2014/engine/match/733975.html'
b'RCB',b'Sunrisers',b'RCB',b'4 wickets',b'Bengaluru',NA,NA,b'http://stats.espncricinfo.com/indian-premier-league-2014/engine/match/733977.html'
b'Royals',b'KKR',b'Royals',b'10 runs',b'Ahmedabad',NA,NA,b'http://stats.espncricinfo.com/indian-premier-league-2014/engine/match/733979.html'
b'Daredevils',b'Super Kings',b'Super Kings',b'8 wickets',b'Delhi',NA,NA,b'http://stats.espncricinfo.com/indian-premier-league-2014/engine/match/733981.html'
b'Mum Indians',b'RCB',b'Mum Indians',b'19 runs',b'Mumbai',NA,NA,b'http://stats.espncricinfo.com/indian-premier-league-2014/engine/match/733983.html'
b'Daredevils',b'KKR',b'KKR',b'8 wickets',b'Delhi',NA,NA,b'http://stats.espncricinfo.com/indian-premier-league-2014/engine/match/733985.html'
b'Kings XI',b'Super Kings',b'Kings XI',b'44 runs',b'Cuttack',NA,NA,b'http://stats.espncricinfo.com/indian-premier-league-2014/engine/match/733987.html'
b'Royals',b'Sunrisers',b'Sunrisers',b'32 runs',b'Ahmedabad',NA,NA,b'http://stats.espncricinfo.com/indian-premier-league-2014/engine/match/733989.html'
b'RCB',b'Kings XI',b'Kings XI',b'32 runs',b'Bengaluru',NA,NA,b'http://stats.espncricinfo.com/indian-premier-league-2014/engine/match/733991.html'
b'Daredevils',b'Sunrisers',b'Sunrisers',b'8 wickets',b'Delhi',NA,NA,b'http://stats.espncricinfo.com/indian-premier-league-2014/engine/match/733993.html'
b'Mum Indians',b'Super Kings',b'Super Kings',b'4 wickets',b'Mumbai',NA,NA,b'http://stats.espncricinfo.com/indian-premier-league-2014/engine/match/733995.html'
b'Kings XI',b'KKR',b'KKR',b'9 wickets',b'Cuttack',NA,NA,b'http://stats.espncricinfo.com/indian-premier-league-2014/engine/match/733997.html'
b'RCB',b'Royals',b'Royals',b'5 wickets',b'Bengaluru',NA,NA,b'http://stats.espncricinfo.com/indian-premier-league-2014/engine/match/733999.html'
b'Sunrisers',b'Mum Indians',b'Mum Indians',b'7 wickets',b'Hyderabad (Deccan)',NA,NA,b'http://stats.espncricinfo.com/indian-premier-league-2014/engine/match/734001.html'
b'Super Kings',b'Royals',b'Super Kings',b'5 wickets',b'Ranchi',NA,NA,b'http://stats.espncricinfo.com/indian-premier-league-2014/engine/match/734003.html'
b'RCB',b'Daredevils',b'RCB',b'16 runs',b'Bengaluru',NA,NA,b'http://stats.espncricinfo.com/indian-premier-league-2014/engine/match/734005.html'
b'Sunrisers',b'Kings XI',b'Kings XI',b'6 wickets',b'Hyderabad (Deccan)',NA,NA,b'http://stats.espncricinfo.com/indian-premier-league-2014/engine/match/734007.html'
b'KKR',b'Mum Indians',b'KKR',b'6 wickets',b'Cuttack',NA,NA,b'http://stats.espncricinfo.com/indian-premier-league-2014/engine/match/734009.html'
b'Royals',b'Daredevils',b'Royals',b'62 runs',b'Ahmedabad',NA,NA,b'http://stats.espncricinfo.com/indian-premier-league-2014/engine/match/734011.html'
b'Super Kings',b'RCB',b'RCB',b'5 wickets',b'Ranchi',NA,NA,b'http://stats.espncricinfo.com/indian-premier-league-2014/engine/match/734013.html'
b'Sunrisers',b'KKR',b'KKR',b'7 wickets',b'Hyderabad (Deccan)',NA,NA,b'http://stats.espncricinfo.com/indian-premier-league-2014/engine/match/734015.html'
b'Royals',b'Mum Indians',b'Mum Indians',b'25 runs',b'Ahmedabad',NA,NA,b'http://stats.espncricinfo.com/indian-premier-league-2014/engine/match/734017.html'
b'Daredevils',b'Kings XI',b'Kings XI',b'4 wickets',b'Delhi',NA,NA,b'http://stats.espncricinfo.com/indian-premier-league-2014/engine/match/734019.html'
b'Sunrisers',b'RCB',b'Sunrisers',b'7 wickets',b'Hyderabad (Deccan)',NA,NA,b'http://stats.espncricinfo.com/indian-premier-league-2014/engine/match/734021.html'
b'KKR',b'Super Kings',b'KKR',b'8 wickets',b'Kolkata',NA,NA,b'http://stats.espncricinfo.com/indian-premier-league-2014/engine/match/734023.html'
b'Kings XI',b'Mum Indians',b'Mum Indians',b'7 wickets',b'Mohali',NA,NA,b'http://stats.espncricinfo.com/indian-premier-league-2014/engine/match/734025.html'
b'KKR',b'RCB',b'KKR',b'30 runs',b'Kolkata',NA,NA,b'http://stats.espncricinfo.com/indian-premier-league-2014/engine/match/734027.html'
b'Super Kings',b'Sunrisers',b'Sunrisers',b'6 wickets',b'Ranchi',NA,NA,b'http://stats.espncricinfo.com/indian-premier-league-2014/engine/match/734029.html'
b'Mum Indians',b'Daredevils',b'Mum Indians',b'15 runs',b'Mumbai',NA,NA,b'http://stats.espncricinfo.com/indian-premier-league-2014/engine/match/734031.html'
b'Kings XI',b'Royals',b'Kings XI',b'16 runs',b'Mohali',NA,NA,b'http://stats.espncricinfo.com/indian-premier-league-2014/engine/match/734033.html'
b'RCB',b'Super Kings',b'Super Kings',b'8 wickets',b'Bengaluru',NA,NA,b'http://stats.espncricinfo.com/indian-premier-league-2014/engine/match/734035.html'
b'KKR',b'Sunrisers',b'KKR',b'4 wickets',b'Kolkata',NA,NA,b'http://stats.espncricinfo.com/indian-premier-league-2014/engine/match/734037.html'
b'Kings XI',b'Daredevils',b'Kings XI',b'7 wickets',b'Mohali',NA,NA,b'http://stats.espncricinfo.com/indian-premier-league-2014/engine/match/734039.html'
b'Mum Indians',b'Royals',b'Mum Indians',b'5 wickets',b'Mumbai',NA,NA,b'http://stats.espncricinfo.com/indian-premier-league-2014/engine/match/734041.html'
b'Kings XI',b'KKR',b'KKR',b'28 runs',b'Kolkata',NA,NA,b'http://stats.espncricinfo.com/indian-premier-league-2014/engine/match/734043.html'
b'Super Kings',b'Mum Indians',b'Super Kings',b'7 wickets',b'Mumbai (BS)',NA,NA,b'http://stats.espncricinfo.com/indian-premier-league-2014/engine/match/734045.html'
b'Super Kings',b'Kings XI',b'Kings XI',b'24 runs',b'Mumbai',NA,NA,b'http://stats.espncricinfo.com/indian-premier-league-2014/engine/match/734047.html'
b'KKR',b'Kings XI',b'KKR',b'3 wickets',b'Bengaluru',NA,NA,b'http://stats.espncricinfo.com/indian-premier-league-2014/engine/match/734049.html'
b'KKR',b'Daredevils',b'KKR',b'6 wickets',b'Kolkata',NA,NA,b'http://stats.espncricinfo.com/indian-premier-league-2013/engine/match/597998.html'
b'RCB',b'Mum Indians',b'RCB',b'2 runs',b'Bengaluru',NA,NA,b'http://stats.espncricinfo.com/indian-premier-league-2013/engine/match/597999.html'
b'Sunrisers',b'Warriors',b'Sunrisers',b'22 runs',b'Hyderabad (Deccan)',NA,NA,b'http://stats.espncricinfo.com/indian-premier-league-2013/engine/match/598000.html'
b'Daredevils',b'Royals',b'Royals',b'5 runs',b'Delhi',NA,NA,b'http://stats.espncricinfo.com/indian-premier-league-2013/engine/match/598001.html'
b'Super Kings',b'Mum Indians',b'Mum Indians',b'9 runs',b'Chennai',NA,NA,b'http://stats.espncricinfo.com/indian-premier-league-2013/engine/match/598002.html'
b'Warriors',b'Kings XI',b'Kings XI',b'8 wickets',b'Pune',NA,NA,b'http://stats.espncricinfo.com/indian-premier-league-2013/engine/match/598003.html'
b'Sunrisers',b'RCB',b'tied',b'',b'Hyderabad (Deccan)',NA,NA,b'http://stats.espncricinfo.com/indian-premier-league-2013/engine/match/598004.html'
b'Royals',b'KKR',b'Royals',b'19 runs',b'Jaipur',NA,NA,b'http://stats.espncricinfo.com/indian-premier-league-2013/engine/match/598005.html'
b'RCB',b'Sunrisers',b'RCB',b'7 wickets',b'Bengaluru',NA,NA,b'http://stats.espncricinfo.com/indian-premier-league-2013/engine/match/598048.html'
b'Mum Indians',b'Daredevils',b'Mum Indians',b'44 runs',b'Mumbai',NA,NA,b'http://stats.espncricinfo.com/indian-premier-league-2013/engine/match/598006.html'
b'Kings XI',b'Super Kings',b'Super Kings',b'10 wickets',b'Mohali',NA,NA,b'http://stats.espncricinfo.com/indian-premier-league-2013/engine/match/598007.html'
b'RCB',b'KKR',b'RCB',b'8 wickets',b'Bengaluru',NA,NA,b'http://stats.espncricinfo.com/indian-premier-league-2013/engine/match/598008.html'
b'Warriors',b'Royals',b'Warriors',b'7 wickets',b'Pune',NA,NA,b'http://stats.espncricinfo.com/indian-premier-league-2013/engine/match/598009.html'
b'Daredevils',b'Sunrisers',b'Sunrisers',b'3 wickets',b'Delhi',NA,NA,b'http://stats.espncricinfo.com/indian-premier-league-2013/engine/match/598010.html'
b'Mum Indians',b'Warriors',b'Mum Indians',b'41 runs',b'Mumbai',NA,NA,b'http://stats.espncricinfo.com/indian-premier-league-2013/engine/match/598011.html'
b'Super Kings',b'RCB',b'Super Kings',b'4 wickets',b'Chennai',NA,NA,b'http://stats.espncricinfo.com/indian-premier-league-2013/engine/match/598012.html'
b'KKR',b'Sunrisers',b'KKR',b'48 runs',b'Kolkata',NA,NA,b'http://stats.espncricinfo.com/indian-premier-league-2013/engine/match/598013.html'
b'Royals',b'Kings XI',b'Royals',b'6 wickets',b'Jaipur',NA,NA,b'http://stats.espncricinfo.com/indian-premier-league-2013/engine/match/598014.html'
b'Super Kings',b'Warriors',b'Warriors',b'24 runs',b'Chennai',NA,NA,b'http://stats.espncricinfo.com/indian-premier-league-2013/engine/match/598015.html'
b'Kings XI',b'KKR',b'Kings XI',b'4 runs',b'Mohali',NA,NA,b'http://stats.espncricinfo.com/indian-premier-league-2013/engine/match/598016.html'
b'RCB',b'Daredevils',b'tied',b'',b'Bengaluru',NA,NA,b'http://stats.espncricinfo.com/indian-premier-league-2013/engine/match/598017.html'
b'Warriors',b'Sunrisers',b'Sunrisers',b'11 runs',b'Pune',NA,NA,b'http://stats.espncricinfo.com/indian-premier-league-2013/engine/match/598018.html'
b'Royals',b'Mum Indians',b'Royals',b'87 runs',b'Jaipur',NA,NA,b'http://stats.espncricinfo.com/indian-premier-league-2013/engine/match/598019.html'
b'Daredevils',b'Super Kings',b'Super Kings',b'86 runs',b'Delhi',NA,NA,b'http://stats.espncricinfo.com/indian-premier-league-2013/engine/match/598020.html'
b'Sunrisers',b'Kings XI',b'Sunrisers',b'5 wickets',b'Hyderabad (Deccan)',NA,NA,b'http://stats.espncricinfo.com/indian-premier-league-2013/engine/match/598021.html'
b'KKR',b'Super Kings',b'Super Kings',b'4 wickets',b'Kolkata',NA,NA,b'http://stats.espncricinfo.com/indian-premier-league-2013/engine/match/598022.html'
b'RCB',b'Royals',b'RCB',b'7 wickets',b'Bengaluru',NA,NA,b'http://stats.espncricinfo.com/indian-premier-league-2013/engine/match/598023.html'
b'Daredevils',b'Mum Indians',b'Daredevils',b'9 wickets',b'Delhi',NA,NA,b'http://stats.espncricinfo.com/indian-premier-league-2013/engine/match/598024.html'
b'Kings XI',b'Warriors',b'Kings XI',b'7 wickets',b'Mohali',NA,NA,b'http://stats.espncricinfo.com/indian-premier-league-2013/engine/match/598025.html'
b'Super Kings',b'Royals',b'Super Kings',b'5 wickets',b'Chennai',NA,NA,b'http://stats.espncricinfo.com/indian-premier-league-2013/engine/match/598026.html'
b'RCB',b'Warriors',b'RCB',b'130 runs',b'Bengaluru',NA,NA,b'http://stats.espncricinfo.com/indian-premier-league-2013/engine/match/598027.html'
b'Daredevils',b'Kings XI',b'Kings XI',b'5 wickets',b'Delhi',NA,NA,b'http://stats.espncricinfo.com/indian-premier-league-2013/engine/match/598059.html'
b'KKR',b'Mum Indians',b'Mum Indians',b'5 wickets',b'Kolkata',NA,NA,b'http://stats.espncricinfo.com/indian-premier-league-2013/engine/match/598029.html'
b'Super Kings',b'Sunrisers',b'Super Kings',b'5 wickets',b'Chennai',NA,NA,b'http://stats.espncricinfo.com/indian-premier-league-2013/engine/match/598030.html'
b'KKR',b'Kings XI',b'KKR',b'6 wickets',b'Kolkata',NA,NA,b'http://stats.espncricinfo.com/indian-premier-league-2013/engine/match/598031.html'
b'Royals',b'Sunrisers',b'Royals',b'8 wickets',b'Jaipur',NA,NA,b'http://stats.espncricinfo.com/indian-premier-league-2013/engine/match/598032.html'
b'Mum Indians',b'RCB',b'Mum Indians',b'58 runs',b'Mumbai',NA,NA,b'http://stats.espncricinfo.com/indian-premier-league-2013/engine/match/598033.html'
b'Super Kings',b'KKR',b'Super Kings',b'14 runs',b'Chennai',NA,NA,b'http://stats.espncricinfo.com/indian-premier-league-2013/engine/match/598034.html'
b'Daredevils',b'Warriors',b'Daredevils',b'15 runs',b'Raipur',NA,NA,b'http://stats.espncricinfo.com/indian-premier-league-2013/engine/match/598035.html'
b'Royals',b'RCB',b'Royals',b'4 wickets',b'Jaipur',NA,NA,b'http://stats.espncricinfo.com/indian-premier-league-2013/engine/match/598036.html'
b'Mum Indians',b'Kings XI',b'Mum Indians',b'4 runs',b'Mumbai',NA,NA,b'http://stats.espncricinfo.com/indian-premier-league-2013/engine/match/598037.html'
b'Warriors',b'Super Kings',b'Super Kings',b'37 runs',b'Pune',NA,NA,b'http://stats.espncricinfo.com/indian-premier-league-2013/engine/match/598038.html'
b'Sunrisers',b'Mum Indians',b'Sunrisers',b'7 wickets',b'Hyderabad (Deccan)',NA,NA,b'http://stats.espncricinfo.com/indian-premier-league-2013/engine/match/598039.html'
b'Daredevils',b'KKR',b'Daredevils',b'7 wickets',b'Raipur',NA,NA,b'http://stats.espncricinfo.com/indian-premier-league-2013/engine/match/598040.html'
b'Super Kings',b'Kings XI',b'Super Kings',b'15 runs',b'Chennai',NA,NA,b'http://stats.espncricinfo.com/indian-premier-league-2013/engine/match/598041.html'
b'Warriors',b'RCB',b'RCB',b'17 runs',b'Pune',NA,NA,b'http://stats.espncricinfo.com/indian-premier-league-2013/engine/match/598042.html'
b'KKR',b'Royals',b'KKR',b'8 wickets',b'Kolkata',NA,NA,b'http://stats.espncricinfo.com/indian-premier-league-2013/engine/match/598043.html'
b'Sunrisers',b'Daredevils',b'Sunrisers',b'6 wickets',b'Hyderabad (Deccan)',NA,NA,b'http://stats.espncricinfo.com/indian-premier-league-2013/engine/match/598044.html'
b'Mum Indians',b'Super Kings',b'Mum Indians',b'60 runs',b'Mumbai',NA,NA,b'http://stats.espncricinfo.com/indian-premier-league-2013/engine/match/598046.html'
b'Royals',b'Warriors',b'Royals',b'5 wickets',b'Jaipur',NA,NA,b'http://stats.espncricinfo.com/indian-premier-league-2013/engine/match/598047.html'
b'Kings XI',b'RCB',b'Kings XI',b'6 wickets',b'Mohali',NA,NA,b'http://stats.espncricinfo.com/indian-premier-league-2013/engine/match/598064.html'
b'Royals',b'Daredevils',b'Royals',b'9 wickets',b'Jaipur',NA,NA,b'http://stats.espncricinfo.com/indian-premier-league-2013/engine/match/598049.html'
b'Mum Indians',b'KKR',b'Mum Indians',b'65 runs',b'Mumbai',NA,NA,b'http://stats.espncricinfo.com/indian-premier-league-2013/engine/match/598050.html'
b'Sunrisers',b'Super Kings',b'Super Kings',b'77 runs',b'Hyderabad (Deccan)',NA,NA,b'http://stats.espncricinfo.com/indian-premier-league-2013/engine/match/598051.html'
b'Kings XI',b'Royals',b'Royals',b'8 wickets',b'Mohali',NA,NA,b'http://stats.espncricinfo.com/indian-premier-league-2013/engine/match/598052.html'
b'Warriors',b'KKR',b'KKR',b'46 runs',b'Pune',NA,NA,b'http://stats.espncricinfo.com/indian-premier-league-2013/engine/match/598053.html'
b'Daredevils',b'RCB',b'RCB',b'4 runs',b'Delhi',NA,NA,b'http://stats.espncricinfo.com/indian-premier-league-2013/engine/match/598054.html'
b'Warriors',b'Mum Indians',b'Mum Indians',b'5 wickets',b'Pune',NA,NA,b'http://stats.espncricinfo.com/indian-premier-league-2013/engine/match/598055.html'
b'Kings XI',b'Sunrisers',b'Sunrisers',b'30 runs',b'Mohali',NA,NA,b'http://stats.espncricinfo.com/indian-premier-league-2013/engine/match/598056.html'
b'KKR',b'RCB',b'KKR',b'5 wickets',b'Ranchi',NA,NA,b'http://stats.espncricinfo.com/indian-premier-league-2013/engine/match/598057.html'
b'Royals',b'Super Kings',b'Royals',b'5 wickets',b'Jaipur',NA,NA,b'http://stats.espncricinfo.com/indian-premier-league-2013/engine/match/598058.html'
b'Mum Indians',b'Sunrisers',b'Mum Indians',b'7 wickets',b'Mumbai',NA,NA,b'http://stats.espncricinfo.com/indian-premier-league-2013/engine/match/598060.html'
b'RCB',b'Kings XI',b'Kings XI',b'7 wickets',b'Bengaluru',NA,NA,b'http://stats.espncricinfo.com/indian-premier-league-2013/engine/match/598045.html'
b'Super Kings',b'Daredevils',b'Super Kings',b'33 runs',b'Chennai',NA,NA,b'http://stats.espncricinfo.com/indian-premier-league-2013/engine/match/598062.html'
b'KKR',b'Warriors',b'Warriors',b'7 runs',b'Ranchi',NA,NA,b'http://stats.espncricinfo.com/indian-premier-league-2013/engine/match/598061.html'
b'Mum Indians',b'Royals',b'Mum Indians',b'14 runs',b'Mumbai',NA,NA,b'http://stats.espncricinfo.com/indian-premier-league-2013/engine/match/598063.html'
b'Kings XI',b'Daredevils',b'Kings XI',b'7 runs',b'Dharamsala',NA,NA,b'http://stats.espncricinfo.com/indian-premier-league-2013/engine/match/598028.html'
b'Sunrisers',b'Royals',b'Sunrisers',b'23 runs',b'Hyderabad (Deccan)',NA,NA,b'http://stats.espncricinfo.com/indian-premier-league-2013/engine/match/598065.html'
b'Kings XI',b'Mum Indians',b'Kings XI',b'50 runs',b'Dharamsala',NA,NA,b'http://stats.espncricinfo.com/indian-premier-league-2013/engine/match/598066.html'
b'RCB',b'Super Kings',b'RCB',b'24 runs',b'Bengaluru',NA,NA,b'http://stats.espncricinfo.com/indian-premier-league-2013/engine/match/598068.html'
b'Warriors',b'Daredevils',b'Warriors',b'38 runs',b'Pune',NA,NA,b'http://stats.espncricinfo.com/indian-premier-league-2013/engine/match/598067.html'
b'Sunrisers',b'KKR',b'Sunrisers',b'5 wickets',b'Hyderabad (Deccan)',NA,NA,b'http://stats.espncricinfo.com/indian-premier-league-2013/engine/match/598069.html'
b'Super Kings',b'Mum Indians',b'Super Kings',b'48 runs',b'Delhi',NA,NA,b'http://stats.espncricinfo.com/indian-premier-league-2013/engine/match/598070.html'
b'Royals',b'Sunrisers',b'Royals',b'4 wickets',b'Delhi',NA,NA,b'http://stats.espncricinfo.com/indian-premier-league-2013/engine/match/598071.html'
b'Mum Indians',b'Royals',b'Mum Indians',b'4 wickets',b'Kolkata',NA,NA,b'http://stats.espncricinfo.com/indian-premier-league-2013/engine/match/598072.html'
b'Super Kings',b'Mum Indians',b'Mum Indians',b'23 runs',b'Kolkata',NA,NA,b'http://stats.espncricinfo.com/indian-premier-league-2013/engine/match/598073.html'
b'Super Kings',b'Mum Indians',b'Mum Indians',b'8 wickets',b'Chennai',NA,NA,b'http://stats.espncricinfo.com/indian-premier-league-2012/engine/match/548306.html'
b'KKR',b'Daredevils',b'Daredevils',b'8 wickets',b'Kolkata',NA,NA,b'http://stats.espncricinfo.com/indian-premier-league-2012/engine/match/548307.html'
b'Mum Indians',b'Warriors',b'Warriors',b'28 runs',b'Mumbai',NA,NA,b'http://stats.espncricinfo.com/indian-premier-league-2012/engine/match/548308.html'
b'Royals',b'Kings XI',b'Royals',b'31 runs',b'Jaipur',NA,NA,b'http://stats.espncricinfo.com/indian-premier-league-2012/engine/match/548309.html'
b'RCB',b'Daredevils',b'RCB',b'20 runs',b'Bengaluru',NA,NA,b'http://stats.espncricinfo.com/indian-premier-league-2012/engine/match/548310.html'
b'Chargers',b'Super Kings',b'Super Kings',b'74 runs',b'Visakhapatnam',NA,NA,b'http://stats.espncricinfo.com/indian-premier-league-2012/engine/match/548311.html'
b'Royals',b'KKR',b'Royals',b'22 runs',b'Jaipur',NA,NA,b'http://stats.espncricinfo.com/indian-premier-league-2012/engine/match/548312.html'
b'Warriors',b'Kings XI',b'Warriors',b'22 runs',b'Pune',NA,NA,b'http://stats.espncricinfo.com/indian-premier-league-2012/engine/match/548313.html'
b'Chargers',b'Mum Indians',b'Mum Indians',b'5 wickets',b'Visakhapatnam',NA,NA,b'http://stats.espncricinfo.com/indian-premier-league-2012/engine/match/548314.html'
b'RCB',b'KKR',b'KKR',b'42 runs',b'Bengaluru',NA,NA,b'http://stats.espncricinfo.com/indian-premier-league-2012/engine/match/548315.html'
b'Daredevils',b'Super Kings',b'Daredevils',b'8 wickets',b'Delhi',NA,NA,b'http://stats.espncricinfo.com/indian-premier-league-2012/engine/match/548316.html'
b'Mum Indians',b'Royals',b'Mum Indians',b'27 runs',b'Mumbai',NA,NA,b'http://stats.espncricinfo.com/indian-premier-league-2012/engine/match/548317.html'
b'Super Kings',b'RCB',b'Super Kings',b'5 wickets',b'Chennai',NA,NA,b'http://stats.espncricinfo.com/indian-premier-league-2012/engine/match/548318.html'
b'Kings XI',b'Warriors',b'Kings XI',b'7 wickets',b'Mohali',NA,NA,b'http://stats.espncricinfo.com/indian-premier-league-2012/engine/match/548319.html'
b'KKR',b'Royals',b'KKR',b'5 wickets',b'Kolkata',NA,NA,b'http://stats.espncricinfo.com/indian-premier-league-2012/engine/match/548320.html'
b'Warriors',b'Super Kings',b'Warriors',b'7 wickets',b'Pune',NA,NA,b'http://stats.espncricinfo.com/indian-premier-league-2012/engine/match/548322.html'
b'KKR',b'Kings XI',b'Kings XI',b'2 runs',b'Kolkata',NA,NA,b'http://stats.espncricinfo.com/indian-premier-league-2012/engine/match/548323.html'
b'RCB',b'Royals',b'Royals',b'59 runs',b'Bengaluru',NA,NA,b'http://stats.espncricinfo.com/indian-premier-league-2012/engine/match/548324.html'
b'Mum Indians',b'Daredevils',b'Daredevils',b'7 wickets',b'Mumbai',NA,NA,b'http://stats.espncricinfo.com/indian-premier-league-2012/engine/match/548325.html'
b'Royals',b'Chargers',b'Royals',b'5 wickets',b'Jaipur',NA,NA,b'http://stats.espncricinfo.com/indian-premier-league-2012/engine/match/548326.html'
b'RCB',b'Warriors',b'RCB',b'6 wickets',b'Bengaluru',NA,NA,b'http://stats.espncricinfo.com/indian-premier-league-2012/engine/match/548327.html'
b'Kings XI',b'KKR',b'KKR',b'8 wickets',b'Mohali',NA,NA,b'http://stats.espncricinfo.com/indian-premier-league-2012/engine/match/548328.html'
b'Daredevils',b'Chargers',b'Daredevils',b'5 wickets',b'Delhi',NA,NA,b'http://stats.espncricinfo.com/indian-premier-league-2012/engine/match/548321.html'
b'Super Kings',b'Warriors',b'Super Kings',b'13 runs',b'Chennai',NA,NA,b'http://stats.espncricinfo.com/indian-premier-league-2012/engine/match/548330.html'
b'Kings XI',b'RCB',b'RCB',b'5 wickets',b'Mohali',NA,NA,b'http://stats.espncricinfo.com/indian-premier-league-2012/engine/match/548331.html'
b'Super Kings',b'Royals',b'Super Kings',b'7 wickets',b'Chennai',NA,NA,b'http://stats.espncricinfo.com/indian-premier-league-2012/engine/match/548332.html'
b'Daredevils',b'Warriors',b'Warriors',b'20 runs',b'Delhi',NA,NA,b'http://stats.espncricinfo.com/indian-premier-league-2012/engine/match/548333.html'
b'Mum Indians',b'Kings XI',b'Kings XI',b'6 wickets',b'Mumbai',NA,NA,b'http://stats.espncricinfo.com/indian-premier-league-2012/engine/match/548334.html'
b'Chargers',b'KKR',b'KKR',b'5 wickets',b'Cuttack',NA,NA,b'http://stats.espncricinfo.com/indian-premier-league-2012/engine/match/548335.html'
b'Royals',b'RCB',b'RCB',b'46 runs',b'Jaipur',NA,NA,b'http://stats.espncricinfo.com/indian-premier-league-2012/engine/match/548336.html'
b'Warriors',b'Daredevils',b'Daredevils',b'8 wickets',b'Pune',NA,NA,b'http://stats.espncricinfo.com/indian-premier-league-2012/engine/match/548337.html'
b'KKR',b'Chargers',b'abandoned',b'',b'Kolkata',NA,NA,b'http://stats.espncricinfo.com/indian-premier-league-2012/engine/match/548338.html'
b'Kings XI',b'Mum Indians',b'Mum Indians',b'4 wickets',b'Mohali',NA,NA,b'http://stats.espncricinfo.com/indian-premier-league-2012/engine/match/548339.html'
b'RCB',b'Super Kings',b'no result',b'',b'Bengaluru',NA,NA,b'http://stats.espncricinfo.com/indian-premier-league-2012/engine/match/548340.html'
b'Warriors',b'Chargers',b'Chargers',b'18 runs',b'Pune',NA,NA,b'http://stats.espncricinfo.com/indian-premier-league-2012/engine/match/548341.html'
b'Daredevils',b'Mum Indians',b'Daredevils',b'37 runs',b'Delhi',NA,NA,b'http://stats.espncricinfo.com/indian-premier-league-2012/engine/match/548342.html'
b'Super Kings',b'Kings XI',b'Kings XI',b'7 runs',b'Chennai',NA,NA,b'http://stats.espncricinfo.com/indian-premier-league-2012/engine/match/548343.html'
b'KKR',b'RCB',b'KKR',b'47 runs',b'Kolkata',NA,NA,b'http://stats.espncricinfo.com/indian-premier-league-2012/engine/match/548344.html'
b'Daredevils',b'Royals',b'Daredevils',b'1 run',b'Delhi',NA,NA,b'http://stats.espncricinfo.com/indian-premier-league-2012/engine/match/548345.html'
b'Mum Indians',b'Chargers',b'Mum Indians',b'5 wickets',b'Mumbai',NA,NA,b'http://stats.espncricinfo.com/indian-premier-league-2012/engine/match/548346.html'
b'Super Kings',b'KKR',b'KKR',b'5 wickets',b'Chennai',NA,NA,b'http://stats.espncricinfo.com/indian-premier-league-2012/engine/match/548347.html'
b'Chargers',b'Warriors',b'Chargers',b'13 runs',b'Cuttack',NA,NA,b'http://stats.espncricinfo.com/indian-premier-league-2012/engine/match/548348.html'
b'Royals',b'Daredevils',b'Daredevils',b'6 wickets',b'Jaipur',NA,NA,b'http://stats.espncricinfo.com/indian-premier-league-2012/engine/match/548349.html'
b'RCB',b'Kings XI',b'Kings XI',b'4 wickets',b'Bengaluru',NA,NA,b'http://stats.espncricinfo.com/indian-premier-league-2012/engine/match/548350.html'
b'Warriors',b'Mum Indians',b'Mum Indians',b'1 run',b'Pune',NA,NA,b'http://stats.espncricinfo.com/indian-premier-league-2012/engine/match/548351.html'
b'Super Kings',b'Chargers',b'Super Kings',b'10 runs',b'Chennai',NA,NA,b'http://stats.espncricinfo.com/indian-premier-league-2012/engine/match/548352.html'
b'KKR',b'Warriors',b'KKR',b'7 runs',b'Kolkata',NA,NA,b'http://stats.espncricinfo.com/indian-premier-league-2012/engine/match/548353.html'
b'Kings XI',b'Royals',b'Royals',b'43 runs',b'Mohali',NA,NA,b'http://stats.espncricinfo.com/indian-premier-league-2012/engine/match/548354.html'
b'Mum Indians',b'Super Kings',b'Mum Indians',b'2 wickets',b'Mumbai',NA,NA,b'http://stats.espncricinfo.com/indian-premier-league-2012/engine/match/548355.html'
b'RCB',b'Chargers',b'RCB',b'5 wickets',b'Bengaluru',NA,NA,b'http://stats.espncricinfo.com/indian-premier-league-2012/engine/match/548356.html'
b'Daredevils',b'KKR',b'KKR',b'6 wickets',b'Delhi',NA,NA,b'http://stats.espncricinfo.com/indian-premier-league-2012/engine/match/548357.html'
b'Warriors',b'Royals',b'Royals',b'7 wickets',b'Pune',NA,NA,b'http://stats.espncricinfo.com/indian-premier-league-2012/engine/match/548358.html'
b'Chargers',b'Kings XI',b'Kings XI',b'25 runs',b'Hyderabad (Deccan)',NA,NA,b'http://stats.espncricinfo.com/indian-premier-league-2012/engine/match/548359.html'
b'Mum Indians',b'RCB',b'RCB',b'9 wickets',b'Mumbai',NA,NA,b'http://stats.espncricinfo.com/indian-premier-league-2012/engine/match/548360.html'
b'Chargers',b'Daredevils',b'Daredevils',b'9 wickets',b'Hyderabad (Deccan)',NA,NA,b'http://stats.espncricinfo.com/indian-premier-league-2012/engine/match/548329.html'
b'Royals',b'Super Kings',b'Super Kings',b'4 wickets',b'Jaipur',NA,NA,b'http://stats.espncricinfo.com/indian-premier-league-2012/engine/match/548361.html'
b'Warriors',b'RCB',b'RCB',b'35 runs',b'Pune',NA,NA,b'http://stats.espncricinfo.com/indian-premier-league-2012/engine/match/548362.html'
b'KKR',b'Mum Indians',b'Mum Indians',b'27 runs',b'Kolkata',NA,NA,b'http://stats.espncricinfo.com/indian-premier-league-2012/engine/match/548363.html'
b'Super Kings',b'Daredevils',b'Super Kings',b'9 wickets',b'Chennai',NA,NA,b'http://stats.espncricinfo.com/indian-premier-league-2012/engine/match/548364.html'
b'Royals',b'Warriors',b'Royals',b'45 runs',b'Jaipur',NA,NA,b'http://stats.espncricinfo.com/indian-premier-league-2012/engine/match/548365.html'
b'Kings XI',b'Chargers',b'Kings XI',b'4 wickets',b'Mohali',NA,NA,b'http://stats.espncricinfo.com/indian-premier-league-2012/engine/match/548366.html'
b'RCB',b'Mum Indians',b'Mum Indians',b'5 wickets',b'Bengaluru',NA,NA,b'http://stats.espncricinfo.com/indian-premier-league-2012/engine/match/548367.html'
b'KKR',b'Super Kings',b'Super Kings',b'5 wickets',b'Kolkata',NA,NA,b'http://stats.espncricinfo.com/indian-premier-league-2012/engine/match/548368.html'
b'Daredevils',b'Kings XI',b'Daredevils',b'5 wickets',b'Delhi',NA,NA,b'http://stats.espncricinfo.com/indian-premier-league-2012/engine/match/548369.html'
b'Mum Indians',b'KKR',b'KKR',b'32 runs',b'Mumbai',NA,NA,b'http://stats.espncricinfo.com/indian-premier-league-2012/engine/match/548370.html'
b'Kings XI',b'Super Kings',b'Kings XI',b'6 wickets',b'Dharamsala',NA,NA,b'http://stats.espncricinfo.com/indian-premier-league-2012/engine/match/548371.html'
b'Daredevils',b'RCB',b'RCB',b'21 runs',b'Delhi',NA,NA,b'http://stats.espncricinfo.com/indian-premier-league-2012/engine/match/548372.html'
b'Chargers',b'Royals',b'Chargers',b'5 wickets',b'Hyderabad (Deccan)',NA,NA,b'http://stats.espncricinfo.com/indian-premier-league-2012/engine/match/548373.html'
b'Kings XI',b'Daredevils',b'Daredevils',b'6 wickets',b'Dharamsala',NA,NA,b'http://stats.espncricinfo.com/indian-premier-league-2012/engine/match/548374.html'
b'Warriors',b'KKR',b'KKR',b'34 runs',b'Pune',NA,NA,b'http://stats.espncricinfo.com/indian-premier-league-2012/engine/match/548375.html'
b'Chargers',b'RCB',b'Chargers',b'9 runs',b'Hyderabad (Deccan)',NA,NA,b'http://stats.espncricinfo.com/indian-premier-league-2012/engine/match/548376.html'
b'Royals',b'Mum Indians',b'Mum Indians',b'10 wickets',b'Jaipur',NA,NA,b'http://stats.espncricinfo.com/indian-premier-league-2012/engine/match/548377.html'
b'Daredevils',b'KKR',b'KKR',b'18 runs',b'Pune',NA,NA,b'http://stats.espncricinfo.com/indian-premier-league-2012/engine/match/548378.html'
b'Super Kings',b'Mum Indians',b'Super Kings',b'38 runs',b'Bengaluru',NA,NA,b'http://stats.espncricinfo.com/indian-premier-league-2012/engine/match/548379.html'
b'Daredevils',b'Super Kings',b'Super Kings',b'86 runs',b'Chennai',NA,NA,b'http://stats.espncricinfo.com/indian-premier-league-2012/engine/match/548380.html'
b'KKR',b'Super Kings',b'KKR',b'5 wickets',b'Chennai',NA,NA,b'http://stats.espncricinfo.com/indian-premier-league-2012/engine/match/548381.html'
b'Super Kings',b'KKR',b'Super Kings',b'2 runs',b'Chennai',NA,NA,b'http://stats.espncricinfo.com/indian-premier-league-2011/engine/match/501198.html'
b'Chargers',b'Royals',b'Royals',b'8 wickets',b'Hyderabad (Deccan)',NA,NA,b'http://stats.espncricinfo.com/indian-premier-league-2011/engine/match/501199.html'
b'Kochi',b'RCB',b'RCB',b'6 wickets',b'Kochi',NA,NA,b'http://stats.espncricinfo.com/indian-premier-league-2011/engine/match/501200.html'
b'Daredevils',b'Mum Indians',b'Mum Indians',b'8 wickets',b'Delhi',NA,NA,b'http://stats.espncricinfo.com/indian-premier-league-2011/engine/match/501201.html'
b'Warriors',b'Kings XI',b'Warriors',b'7 wickets',b'Mumbai',NA,NA,b'http://stats.espncricinfo.com/indian-premier-league-2011/engine/match/501202.html'
b'KKR',b'Chargers',b'KKR',b'9 runs',b'Kolkata',NA,NA,b'http://stats.espncricinfo.com/indian-premier-league-2011/engine/match/501203.html'
b'Royals',b'Daredevils',b'Royals',b'6 wickets',b'Jaipur',NA,NA,b'http://stats.espncricinfo.com/indian-premier-league-2011/engine/match/501204.html'
b'RCB',b'Mum Indians',b'Mum Indians',b'9 wickets',b'Bengaluru',NA,NA,b'http://stats.espncricinfo.com/indian-premier-league-2011/engine/match/501205.html'
b'Kings XI',b'Super Kings',b'Kings XI',b'6 wickets',b'Mohali',NA,NA,b'http://stats.espncricinfo.com/indian-premier-league-2011/engine/match/501206.html'
b'Warriors',b'Kochi',b'Warriors',b'4 wickets',b'Mumbai',NA,NA,b'http://stats.espncricinfo.com/indian-premier-league-2011/engine/match/501207.html'
b'Chargers',b'RCB',b'Chargers',b'33 runs',b'Hyderabad (Deccan)',NA,NA,b'http://stats.espncricinfo.com/indian-premier-league-2011/engine/match/501208.html'
b'Royals',b'KKR',b'KKR',b'9 wickets',b'Jaipur',NA,NA,b'http://stats.espncricinfo.com/indian-premier-league-2011/engine/match/501209.html'
b'Mum Indians',b'Kochi',b'Kochi',b'8 wickets',b'Mumbai',NA,NA,b'http://stats.espncricinfo.com/indian-premier-league-2011/engine/match/501210.html'
b'Super Kings',b'RCB',b'Super Kings',b'21 runs',b'Chennai',NA,NA,b'http://stats.espncricinfo.com/indian-premier-league-2011/engine/match/501211.html'
b'Chargers',b'Kings XI',b'Kings XI',b'8 wickets',b'Hyderabad (Deccan)',NA,NA,b'http://stats.espncricinfo.com/indian-premier-league-2011/engine/match/501212.html'
b'Warriors',b'Daredevils',b'Daredevils',b'3 wickets',b'Mumbai',NA,NA,b'http://stats.espncricinfo.com/indian-premier-league-2011/engine/match/501213.html'
b'KKR',b'Royals',b'KKR',b'8 wickets',b'Kolkata',NA,NA,b'http://stats.espncricinfo.com/indian-premier-league-2011/engine/match/501214.html'
b'Kochi',b'Super Kings',b'Kochi',b'7 wickets',b'Kochi',NA,NA,b'http://stats.espncricinfo.com/indian-premier-league-2011/engine/match/501215.html'
b'Daredevils',b'Chargers',b'Chargers',b'16 runs',b'Delhi',NA,NA,b'http://stats.espncricinfo.com/indian-premier-league-2011/engine/match/501216.html'
b'RCB',b'Royals',b'abandoned',b'',b'Bengaluru',NA,NA,b'http://stats.espncricinfo.com/indian-premier-league-2011/engine/match/501217.html'
b'Mum Indians',b'Warriors',b'Mum Indians',b'7 wickets',b'Mumbai',NA,NA,b'http://stats.espncricinfo.com/indian-premier-league-2011/engine/match/501218.html'
b'KKR',b'Kochi',b'Kochi',b'6 runs',b'Kolkata',NA,NA,b'http://stats.espncricinfo.com/indian-premier-league-2011/engine/match/501219.html'
b'Kings XI',b'Royals',b'Kings XI',b'48 runs',b'Mohali',NA,NA,b'http://stats.espncricinfo.com/indian-premier-league-2011/engine/match/501220.html'
b'KKR',b'RCB',b'RCB',b'9 wickets',b'Kolkata',NA,NA,b'http://stats.espncricinfo.com/indian-premier-league-2011/engine/match/501222.html'
b'Mum Indians',b'Super Kings',b'Mum Indians',b'8 runs',b'Mumbai',NA,NA,b'http://stats.espncricinfo.com/indian-premier-league-2011/engine/match/501221.html'
b'Daredevils',b'Kings XI',b'Daredevils',b'29 runs',b'Delhi',NA,NA,b'http://stats.espncricinfo.com/indian-premier-league-2011/engine/match/501223.html'
b'Chargers',b'Mum Indians',b'Mum Indians',b'37 runs',b'Hyderabad (Deccan)',NA,NA,b'http://stats.espncricinfo.com/indian-premier-league-2011/engine/match/501224.html'
b'Royals',b'Kochi',b'Royals',b'8 wickets',b'Jaipur',NA,NA,b'http://stats.espncricinfo.com/indian-premier-league-2011/engine/match/501225.html'
b'Super Kings',b'Warriors',b'Super Kings',b'25 runs',b'Chennai',NA,NA,b'http://stats.espncricinfo.com/indian-premier-league-2011/engine/match/501226.html'
b'Daredevils',b'RCB',b'RCB',b'3 wickets',b'Delhi',NA,NA,b'http://stats.espncricinfo.com/indian-premier-league-2011/engine/match/501227.html'
b'Warriors',b'Super Kings',b'Super Kings',b'8 wickets',b'Mumbai',NA,NA,b'http://stats.espncricinfo.com/indian-premier-league-2011/engine/match/501228.html'
b'Kochi',b'Chargers',b'Chargers',b'55 runs',b'Kochi',NA,NA,b'http://stats.espncricinfo.com/indian-premier-league-2011/engine/match/501229.html'
b'Daredevils',b'KKR',b'KKR',b'17 runs',b'Delhi',NA,NA,b'http://stats.espncricinfo.com/indian-premier-league-2011/engine/match/501230.html'
b'Royals',b'Mum Indians',b'Royals',b'7 wickets',b'Jaipur',NA,NA,b'http://stats.espncricinfo.com/indian-premier-league-2011/engine/match/501231.html'
b'RCB',b'Warriors',b'RCB',b'26 runs',b'Bengaluru',NA,NA,b'http://stats.espncricinfo.com/indian-premier-league-2011/engine/match/501232.html'
b'Kochi',b'Daredevils',b'Daredevils',b'38 runs',b'Kochi',NA,NA,b'http://stats.espncricinfo.com/indian-premier-league-2011/engine/match/501233.html'
b'KKR',b'Kings XI',b'KKR',b'8 wickets',b'Kolkata',NA,NA,b'http://stats.espncricinfo.com/indian-premier-league-2011/engine/match/501234.html'
b'Royals',b'Warriors',b'Royals',b'6 wickets',b'Jaipur',NA,NA,b'http://stats.espncricinfo.com/indian-premier-league-2011/engine/match/501235.html'
b'Super Kings',b'Chargers',b'Super Kings',b'19 runs',b'Chennai',NA,NA,b'http://stats.espncricinfo.com/indian-premier-league-2011/engine/match/501236.html'
b'Mum Indians',b'Kings XI',b'Mum Indians',b'23 runs',b'Mumbai',NA,NA,b'http://stats.espncricinfo.com/indian-premier-league-2011/engine/match/501237.html'
b'Daredevils',b'Kochi',b'Kochi',b'7 wickets',b'Delhi',NA,NA,b'http://stats.espncricinfo.com/indian-premier-league-2011/engine/match/501238.html'
b'Chargers',b'KKR',b'KKR',b'20 runs',b'Hyderabad (Deccan)',NA,NA,b'http://stats.espncricinfo.com/indian-premier-league-2011/engine/match/501239.html'
b'Super Kings',b'Royals',b'Super Kings',b'8 wickets',b'Chennai',NA,NA,b'http://stats.espncricinfo.com/indian-premier-league-2011/engine/match/501240.html'
b'Warriors',b'Mum Indians',b'Mum Indians',b'21 runs',b'Mumbai',NA,NA,b'http://stats.espncricinfo.com/indian-premier-league-2011/engine/match/501241.html'
b'Kochi',b'KKR',b'Kochi',b'17 runs',b'Kochi',NA,NA,b'http://stats.espncricinfo.com/indian-premier-league-2011/engine/match/501242.html'
b'Chargers',b'Daredevils',b'Daredevils',b'4 wickets',b'Hyderabad (Deccan)',NA,NA,b'http://stats.espncricinfo.com/indian-premier-league-2011/engine/match/501243.html'
b'RCB',b'Kings XI',b'RCB',b'85 runs',b'Bengaluru',NA,NA,b'http://stats.espncricinfo.com/indian-premier-league-2011/engine/match/501244.html'
b'KKR',b'Super Kings',b'KKR',b'10 runs',b'Kolkata',NA,NA,b'http://stats.espncricinfo.com/indian-premier-league-2011/engine/match/501245.html'
b'Mum Indians',b'Daredevils',b'Mum Indians',b'32 runs',b'Mumbai',NA,NA,b'http://stats.espncricinfo.com/indian-premier-league-2011/engine/match/501246.html'
b'RCB',b'Kochi',b'RCB',b'9 wickets',b'Bengaluru',NA,NA,b'http://stats.espncricinfo.com/indian-premier-league-2011/engine/match/501247.html'
b'Kings XI',b'Warriors',b'Warriors',b'5 wickets',b'Mohali',NA,NA,b'http://stats.espncricinfo.com/indian-premier-league-2011/engine/match/501248.html'
b'Royals',b'Super Kings',b'Super Kings',b'63 runs',b'Jaipur',NA,NA,b'http://stats.espncricinfo.com/indian-premier-league-2011/engine/match/501249.html'
b'Chargers',b'Warriors',b'Warriors',b'6 wickets',b'Hyderabad (Deccan)',NA,NA,b'http://stats.espncricinfo.com/indian-premier-league-2011/engine/match/501250.html'
b'Kings XI',b'Mum Indians',b'Kings XI',b'76 runs',b'Mohali',NA,NA,b'http://stats.espncricinfo.com/indian-premier-league-2011/engine/match/501251.html'
b'Royals',b'RCB',b'RCB',b'9 wickets',b'Jaipur',NA,NA,b'http://stats.espncricinfo.com/indian-premier-league-2011/engine/match/501252.html'
b'Super Kings',b'Daredevils',b'Super Kings',b'18 runs',b'Chennai',NA,NA,b'http://stats.espncricinfo.com/indian-premier-league-2011/engine/match/501253.html'
b'Kochi',b'Kings XI',b'Kings XI',b'6 wickets',b'Indore',NA,NA,b'http://stats.espncricinfo.com/indian-premier-league-2011/engine/match/501254.html'
b'RCB',b'KKR',b'RCB',b'4 wickets',b'Bengaluru',NA,NA,b'http://stats.espncricinfo.com/indian-premier-league-2011/engine/match/501255.html'
b'Mum Indians',b'Chargers',b'Chargers',b'10 runs',b'Mumbai',NA,NA,b'http://stats.espncricinfo.com/indian-premier-league-2011/engine/match/501256.html'
b'Kings XI',b'Daredevils',b'Kings XI',b'29 runs',b'Dharamsala',NA,NA,b'http://stats.espncricinfo.com/indian-premier-league-2011/engine/match/501257.html'
b'Kochi',b'Royals',b'Kochi',b'8 wickets',b'Indore',NA,NA,b'http://stats.espncricinfo.com/indian-premier-league-2011/engine/match/501258.html'
b'Warriors',b'Chargers',b'Chargers',b'6 wickets',b'Mumbai',NA,NA,b'http://stats.espncricinfo.com/indian-premier-league-2011/engine/match/501259.html'
b'Kings XI',b'RCB',b'Kings XI',b'111 runs',b'Dharamsala',NA,NA,b'http://stats.espncricinfo.com/indian-premier-league-2011/engine/match/501260.html'
b'Super Kings',b'Kochi',b'Super Kings',b'11 runs',b'Chennai',NA,NA,b'http://stats.espncricinfo.com/indian-premier-league-2011/engine/match/501261.html'
b'Warriors',b'KKR',b'KKR',b'7 wickets',b'Mumbai',NA,NA,b'http://stats.espncricinfo.com/indian-premier-league-2011/engine/match/501262.html'
b'Mum Indians',b'Royals',b'Royals',b'10 wickets',b'Mumbai',NA,NA,b'http://stats.espncricinfo.com/indian-premier-league-2011/engine/match/501263.html'
b'Kings XI',b'Chargers',b'Chargers',b'82 runs',b'Dharamsala',NA,NA,b'http://stats.espncricinfo.com/indian-premier-league-2011/engine/match/501264.html'
b'Daredevils',b'Warriors',b'no result',b'',b'Delhi',NA,NA,b'http://stats.espncricinfo.com/indian-premier-league-2011/engine/match/501265.html'
b'RCB',b'Super Kings',b'RCB',b'8 wickets',b'Bengaluru',NA,NA,b'http://stats.espncricinfo.com/indian-premier-league-2011/engine/match/501266.html'
b'KKR',b'Mum Indians',b'Mum Indians',b'5 wickets',b'Kolkata',NA,NA,b'http://stats.espncricinfo.com/indian-premier-league-2011/engine/match/501267.html'
b'RCB',b'Super Kings',b'Super Kings',b'6 wickets',b'Mumbai',NA,NA,b'http://stats.espncricinfo.com/indian-premier-league-2011/engine/match/501268.html'
b'KKR',b'Mum Indians',b'Mum Indians',b'4 wickets',b'Mumbai',NA,NA,b'http://stats.espncricinfo.com/indian-premier-league-2011/engine/match/501269.html'
b'RCB',b'Mum Indians',b'RCB',b'43 runs',b'Chennai',NA,NA,b'http://stats.espncricinfo.com/indian-premier-league-2011/engine/match/501270.html'
b'Super Kings',b'RCB',b'Super Kings',b'58 runs',b'Chennai',NA,NA,b'http://stats.espncricinfo.com/indian-premier-league-2011/engine/match/501271.html'
b'Chargers',b'KKR',b'KKR',b'11 runs',b'Mumbai',NA,NA,b'http://stats.espncricinfo.com/ipl2010/engine/match/419106.html'
b'Mum Indians',b'Royals',b'Mum Indians',b'4 runs',b'Mumbai (BS)',NA,NA,b'http://stats.espncricinfo.com/ipl2010/engine/match/419107.html'
b'Kings XI',b'Daredevils',b'Daredevils',b'5 wickets',b'Mohali',NA,NA,b'http://stats.espncricinfo.com/ipl2010/engine/match/419108.html'
b'KKR',b'RCB',b'KKR',b'7 wickets',b'Kolkata',NA,NA,b'http://stats.espncricinfo.com/ipl2010/engine/match/419109.html'
b'Super Kings',b'Chargers',b'Chargers',b'31 runs',b'Chennai',NA,NA,b'http://stats.espncricinfo.com/ipl2010/engine/match/419110.html'
b'Royals',b'Daredevils',b'Daredevils',b'6 wickets',b'Ahmedabad',NA,NA,b'http://stats.espncricinfo.com/ipl2010/engine/match/419111.html'
b'RCB',b'Kings XI',b'RCB',b'8 wickets',b'Bengaluru',NA,NA,b'http://stats.espncricinfo.com/ipl2010/engine/match/419112.html'
b'KKR',b'Super Kings',b'Super Kings',b'55 runs',b'Kolkata',NA,NA,b'http://stats.espncricinfo.com/ipl2010/engine/match/419113.html'
b'Daredevils',b'Mum Indians',b'Mum Indians',b'98 runs',b'Delhi',NA,NA,b'http://stats.espncricinfo.com/ipl2010/engine/match/419114.html'
b'RCB',b'Royals',b'RCB',b'10 wickets',b'Bengaluru',NA,NA,b'http://stats.espncricinfo.com/ipl2010/engine/match/419115.html'
b'Daredevils',b'Super Kings',b'Super Kings',b'5 wickets',b'Delhi',NA,NA,b'http://stats.espncricinfo.com/ipl2010/engine/match/419116.html'
b'Chargers',b'Kings XI',b'Chargers',b'6 runs',b'Cuttack',NA,NA,b'http://stats.espncricinfo.com/ipl2010/engine/match/419117.html'
b'Royals',b'KKR',b'Royals',b'34 runs',b'Ahmedabad',NA,NA,b'http://stats.espncricinfo.com/ipl2010/engine/match/419118.html'
b'Mum Indians',b'RCB',b'RCB',b'7 wickets',b'Mumbai (BS)',NA,NA,b'http://stats.espncricinfo.com/ipl2010/engine/match/419119.html'
b'Chargers',b'Daredevils',b'Chargers',b'10 runs',b'Cuttack',NA,NA,b'http://stats.espncricinfo.com/ipl2010/engine/match/419120.html'
b'Super Kings',b'Kings XI',b'tied',b'',b'Chennai',NA,NA,b'http://stats.espncricinfo.com/ipl2010/engine/match/419121.html'
b'Mum Indians',b'KKR',b'Mum Indians',b'7 wickets',b'Mumbai (BS)',NA,NA,b'http://stats.espncricinfo.com/ipl2010/engine/match/419122.html'
b'RCB',b'Super Kings',b'RCB',b'36 runs',b'Bengaluru',NA,NA,b'http://stats.espncricinfo.com/ipl2010/engine/match/419123.html'
b'Kings XI',b'Royals',b'Royals',b'31 runs',b'Mohali',NA,NA,b'http://stats.espncricinfo.com/ipl2010/engine/match/419124.html'
b'RCB',b'Daredevils',b'Daredevils',b'17 runs',b'Bengaluru',NA,NA,b'http://stats.espncricinfo.com/ipl2010/engine/match/419128.html'
b'Mum Indians',b'Super Kings',b'Mum Indians',b'5 wickets',b'Mumbai (BS)',NA,NA,b'http://stats.espncricinfo.com/ipl2010/engine/match/419125.html'
b'Royals',b'Chargers',b'Royals',b'8 wickets',b'Ahmedabad',NA,NA,b'http://stats.espncricinfo.com/ipl2010/engine/match/419126.html'
b'Kings XI',b'KKR',b'KKR',b'39 runs',b'Mohali',NA,NA,b'http://stats.espncricinfo.com/ipl2010/engine/match/419127.html'
b'Royals',b'Super Kings',b'Royals',b'17 runs',b'Ahmedabad',NA,NA,b'http://stats.espncricinfo.com/ipl2010/engine/match/419129.html'
b'Chargers',b'Mum Indians',b'Mum Indians',b'41 runs',b'Mumbai',NA,NA,b'http://stats.espncricinfo.com/ipl2010/engine/match/419130.html'
b'Daredevils',b'KKR',b'Daredevils',b'40 runs',b'Delhi',NA,NA,b'http://stats.espncricinfo.com/ipl2010/engine/match/419131.html'
b'Mum Indians',b'Kings XI',b'Mum Indians',b'4 wickets',b'Mumbai (BS)',NA,NA,b'http://stats.espncricinfo.com/ipl2010/engine/match/419132.html'
b'Super Kings',b'RCB',b'Super Kings',b'5 wickets',b'Chennai',NA,NA,b'http://stats.espncricinfo.com/ipl2010/engine/match/419133.html'
b'Daredevils',b'Royals',b'Daredevils',b'67 runs',b'Delhi',NA,NA,b'http://stats.espncricinfo.com/ipl2010/engine/match/419134.html'
b'KKR',b'Chargers',b'KKR',b'24 runs',b'Kolkata',NA,NA,b'http://stats.espncricinfo.com/ipl2010/engine/match/419135.html'
b'Kings XI',b'RCB',b'RCB',b'6 wickets',b'Mohali',NA,NA,b'http://stats.espncricinfo.com/ipl2010/engine/match/419136.html'
b'Super Kings',b'Royals',b'Super Kings',b'23 runs',b'Chennai',NA,NA,b'http://stats.espncricinfo.com/ipl2010/engine/match/419137.html'
b'Mum Indians',b'Chargers',b'Mum Indians',b'63 runs',b'Mumbai (BS)',NA,NA,b'http://stats.espncricinfo.com/ipl2010/engine/match/419138.html'
b'KKR',b'Kings XI',b'Kings XI',b'8 wickets',b'Kolkata',NA,NA,b'http://stats.espncricinfo.com/ipl2010/engine/match/419139.html'
b'Daredevils',b'RCB',b'Daredevils',b'37 runs',b'Delhi',NA,NA,b'http://stats.espncricinfo.com/ipl2010/engine/match/419140.html'
b'Chargers',b'Royals',b'Royals',b'2 runs',b'Nagpur',NA,NA,b'http://stats.espncricinfo.com/ipl2010/engine/match/419141.html'
b'Super Kings',b'Mum Indians',b'Super Kings',b'24 runs',b'Chennai',NA,NA,b'http://stats.espncricinfo.com/ipl2010/engine/match/419142.html'
b'Royals',b'Kings XI',b'Royals',b'9 wickets',b'Jaipur',NA,NA,b'http://stats.espncricinfo.com/ipl2010/engine/match/419143.html'
b'KKR',b'Daredevils',b'KKR',b'14 runs',b'Kolkata',NA,NA,b'http://stats.espncricinfo.com/ipl2010/engine/match/419144.html'
b'RCB',b'Chargers',b'Chargers',b'7 wickets',b'Bengaluru',NA,NA,b'http://stats.espncricinfo.com/ipl2010/engine/match/419145.html'
b'Kings XI',b'Mum Indians',b'Kings XI',b'6 wickets',b'Mohali',NA,NA,b'http://stats.espncricinfo.com/ipl2010/engine/match/419146.html'
b'Chargers',b'Super Kings',b'Chargers',b'6 wickets',b'Nagpur',NA,NA,b'http://stats.espncricinfo.com/ipl2010/engine/match/419147.html'
b'RCB',b'KKR',b'RCB',b'7 wickets',b'Bengaluru',NA,NA,b'http://stats.espncricinfo.com/ipl2010/engine/match/419148.html'
b'Daredevils',b'Kings XI',b'Kings XI',b'7 wickets',b'Delhi',NA,NA,b'http://stats.espncricinfo.com/ipl2010/engine/match/419149.html'
b'Royals',b'Mum Indians',b'Mum Indians',b'37 runs',b'Jaipur',NA,NA,b'http://stats.espncricinfo.com/ipl2010/engine/match/419150.html'
b'Chargers',b'RCB',b'Chargers',b'13 runs',b'Nagpur',NA,NA,b'http://stats.espncricinfo.com/ipl2010/engine/match/419151.html'
b'Mum Indians',b'Daredevils',b'Mum Indians',b'39 runs',b'Mumbai (BS)',NA,NA,b'http://stats.espncricinfo.com/ipl2010/engine/match/419152.html'
b'Super Kings',b'KKR',b'Super Kings',b'9 wickets',b'Chennai',NA,NA,b'http://stats.espncricinfo.com/ipl2010/engine/match/419153.html'
b'Royals',b'RCB',b'RCB',b'5 wickets',b'Jaipur',NA,NA,b'http://stats.espncricinfo.com/ipl2010/engine/match/419154.html'
b'Super Kings',b'Daredevils',b'Daredevils',b'6 wickets',b'Chennai',NA,NA,b'http://stats.espncricinfo.com/ipl2010/engine/match/419155.html'
b'Kings XI',b'Chargers',b'Chargers',b'5 wickets',b'Dharamsala',NA,NA,b'http://stats.espncricinfo.com/ipl2010/engine/match/419156.html'
b'RCB',b'Mum Indians',b'Mum Indians',b'57 runs',b'Bengaluru',NA,NA,b'http://stats.espncricinfo.com/ipl2010/engine/match/419157.html'
b'KKR',b'Royals',b'KKR',b'8 wickets',b'Kolkata',NA,NA,b'http://stats.espncricinfo.com/ipl2010/engine/match/419158.html'
b'Kings XI',b'Super Kings',b'Super Kings',b'6 wickets',b'Dharamsala',NA,NA,b'http://stats.espncricinfo.com/ipl2010/engine/match/419159.html'
b'Daredevils',b'Chargers',b'Chargers',b'11 runs',b'Delhi',NA,NA,b'http://stats.espncricinfo.com/ipl2010/engine/match/419160.html'
b'KKR',b'Mum Indians',b'KKR',b'9 wickets',b'Kolkata',NA,NA,b'http://stats.espncricinfo.com/ipl2010/engine/match/419161.html'
b'RCB',b'Mum Indians',b'Mum Indians',b'35 runs',b'Mumbai',NA,NA,b'http://stats.espncricinfo.com/ipl2010/engine/match/419162.html'
b'Super Kings',b'Chargers',b'Super Kings',b'38 runs',b'Mumbai',NA,NA,b'http://stats.espncricinfo.com/ipl2010/engine/match/419163.html'
b'RCB',b'Chargers',b'RCB',b'9 wickets',b'Mumbai',NA,NA,b'http://stats.espncricinfo.com/ipl2010/engine/match/419164.html'
b'Super Kings',b'Mum Indians',b'Super Kings',b'22 runs',b'Mumbai',NA,NA,b'http://stats.espncricinfo.com/ipl2010/engine/match/419165.html'
b'Super Kings',b'Mum Indians',b'Mum Indians',b'19 runs',b'Cape Town',NA,NA,b'http://stats.espncricinfo.com/ipl2009/engine/match/392181.html'
b'RCB',b'Royals',b'RCB',b'75 runs',b'Cape Town',NA,NA,b'http://stats.espncricinfo.com/ipl2009/engine/match/392182.html'
b'Daredevils',b'Kings XI',b'Daredevils',b'10 wickets',b'Cape Town',NA,NA,b'http://stats.espncricinfo.com/ipl2009/engine/match/392183.html'
b'Chargers',b'KKR',b'Chargers',b'8 wickets',b'Cape Town',NA,NA,b'http://stats.espncricinfo.com/ipl2009/engine/match/392184.html'
b'RCB',b'Super Kings',b'Super Kings',b'92 runs',b'Port Elizabeth',NA,NA,b'http://stats.espncricinfo.com/ipl2009/engine/match/392185.html'
b'Kings XI',b'KKR',b'KKR',b'11 runs',b'Durban',NA,NA,b'http://stats.espncricinfo.com/ipl2009/engine/match/392186.html'
b'Mum Indians',b'Royals',b'abandoned',b'',b'Durban',NA,NA,b'http://stats.espncricinfo.com/ipl2009/engine/match/392187.html'
b'RCB',b'Chargers',b'Chargers',b'24 runs',b'Cape Town',NA,NA,b'http://stats.espncricinfo.com/ipl2009/engine/match/392188.html'
b'Super Kings',b'Daredevils',b'Daredevils',b'9 runs',b'Durban',NA,NA,b'http://stats.espncricinfo.com/ipl2009/engine/match/392189.html'
b'KKR',b'Royals',b'tied',b'',b'Cape Town',NA,NA,b'http://stats.espncricinfo.com/ipl2009/engine/match/392190.html'
b'RCB',b'Kings XI',b'Kings XI',b'7 wickets',b'Durban',NA,NA,b'http://stats.espncricinfo.com/ipl2009/engine/match/392191.html'
b'Chargers',b'Mum Indians',b'Chargers',b'12 runs',b'Durban',NA,NA,b'http://stats.espncricinfo.com/ipl2009/engine/match/392192.html'
b'Super Kings',b'KKR',b'abandoned',b'',b'Cape Town',NA,NA,b'http://stats.espncricinfo.com/ipl2009/engine/match/392193.html'
b'RCB',b'Daredevils',b'Daredevils',b'6 wickets',b'Port Elizabeth',NA,NA,b'http://stats.espncricinfo.com/ipl2009/engine/match/392194.html'
b'Kings XI',b'Royals',b'Kings XI',b'27 runs',b'Cape Town',NA,NA,b'http://stats.espncricinfo.com/ipl2009/engine/match/392195.html'
b'Super Kings',b'Chargers',b'Chargers',b'6 wickets',b'Durban',NA,NA,b'http://stats.espncricinfo.com/ipl2009/engine/match/392196.html'
b'KKR',b'Mum Indians',b'Mum Indians',b'92 runs',b'Port Elizabeth',NA,NA,b'http://stats.espncricinfo.com/ipl2009/engine/match/392197.html'
b'Daredevils',b'Royals',b'Royals',b'5 wickets',b'Centurion',NA,NA,b'http://stats.espncricinfo.com/ipl2009/engine/match/392198.html'
b'RCB',b'KKR',b'RCB',b'5 wickets',b'Durban',NA,NA,b'http://stats.espncricinfo.com/ipl2009/engine/match/392199.html'
b'Kings XI',b'Mum Indians',b'Kings XI',b'3 runs',b'Durban',NA,NA,b'http://stats.espncricinfo.com/ipl2009/engine/match/392200.html'
b'Chargers',b'Daredevils',b'Daredevils',b'6 wickets',b'Centurion',NA,NA,b'http://stats.espncricinfo.com/ipl2009/engine/match/392201.html'
b'Super Kings',b'Royals',b'Super Kings',b'38 runs',b'Centurion',NA,NA,b'http://stats.espncricinfo.com/ipl2009/engine/match/392202.html'
b'KKR',b'Mum Indians',b'Mum Indians',b'9 runs',b'East London',NA,NA,b'http://stats.espncricinfo.com/ipl2009/engine/match/392203.html'
b'RCB',b'Kings XI',b'RCB',b'8 runs',b'Durban',NA,NA,b'http://stats.espncricinfo.com/ipl2009/engine/match/392204.html'
b'Chargers',b'Royals',b'Royals',b'3 wickets',b'Port Elizabeth',NA,NA,b'http://stats.espncricinfo.com/ipl2009/engine/match/392205.html'
b'Super Kings',b'Daredevils',b'Super Kings',b'18 runs',b'Johannesburg',NA,NA,b'http://stats.espncricinfo.com/ipl2009/engine/match/392206.html'
b'Kings XI',b'KKR',b'Kings XI',b'6 wickets',b'Port Elizabeth',NA,NA,b'http://stats.espncricinfo.com/ipl2009/engine/match/392207.html'
b'RCB',b'Mum Indians',b'RCB',b'9 wickets',b'Johannesburg',NA,NA,b'http://stats.espncricinfo.com/ipl2009/engine/match/392208.html'
b'Super Kings',b'Chargers',b'Super Kings',b'78 runs',b'East London',NA,NA,b'http://stats.espncricinfo.com/ipl2009/engine/match/392209.html'
b'Kings XI',b'Royals',b'Royals',b'78 runs',b'Durban',NA,NA,b'http://stats.espncricinfo.com/ipl2009/engine/match/392210.html'
b'Daredevils',b'KKR',b'Daredevils',b'9 wickets',b'Durban',NA,NA,b'http://stats.espncricinfo.com/ipl2009/engine/match/392211.html'
b'Chargers',b'Mum Indians',b'Chargers',b'19 runs',b'Centurion',NA,NA,b'http://stats.espncricinfo.com/ipl2009/engine/match/392212.html'
b'RCB',b'Royals',b'Royals',b'7 wickets',b'Centurion',NA,NA,b'http://stats.espncricinfo.com/ipl2009/engine/match/392213.html'
b'Super Kings',b'Kings XI',b'Super Kings',b'12 runs',b'Centurion',NA,NA,b'http://stats.espncricinfo.com/ipl2009/engine/match/392214.html'
b'Daredevils',b'Mum Indians',b'Daredevils',b'7 wickets',b'East London',NA,NA,b'http://stats.espncricinfo.com/ipl2009/engine/match/392215.html'
b'Chargers',b'Kings XI',b'Kings XI',b'3 wickets',b'Kimberley',NA,NA,b'http://stats.espncricinfo.com/ipl2009/engine/match/392216.html'
b'Super Kings',b'Royals',b'Super Kings',b'7 wickets',b'Kimberley',NA,NA,b'http://stats.espncricinfo.com/ipl2009/engine/match/392217.html'
b'RCB',b'Mum Indians',b'Mum Indians',b'16 runs',b'Port Elizabeth',NA,NA,b'http://stats.espncricinfo.com/ipl2009/engine/match/392218.html'
b'Daredevils',b'KKR',b'Daredevils',b'7 wickets',b'Johannesburg',NA,NA,b'http://stats.espncricinfo.com/ipl2009/engine/match/392219.html'
b'Chargers',b'Royals',b'Chargers',b'53 runs',b'Kimberley',NA,NA,b'http://stats.espncricinfo.com/ipl2009/engine/match/392220.html'
b'RCB',b'KKR',b'RCB',b'6 wickets',b'Centurion',NA,NA,b'http://stats.espncricinfo.com/ipl2009/engine/match/392221.html'
b'Kings XI',b'Mum Indians',b'Mum Indians',b'8 wickets',b'Centurion',NA,NA,b'http://stats.espncricinfo.com/ipl2009/engine/match/392222.html'
b'Chargers',b'Daredevils',b'Daredevils',b'12 runs',b'Durban',NA,NA,b'http://stats.espncricinfo.com/ipl2009/engine/match/392223.html'
b'RCB',b'Super Kings',b'RCB',b'2 wickets',b'Durban',NA,NA,b'http://stats.espncricinfo.com/ipl2009/engine/match/392224.html'
b'Mum Indians',b'Royals',b'Royals',b'2 runs',b'Durban',NA,NA,b'http://stats.espncricinfo.com/ipl2009/engine/match/392225.html'
b'Daredevils',b'Kings XI',b'Kings XI',b'6 wickets',b'Bloemfontein',NA,NA,b'http://stats.espncricinfo.com/ipl2009/engine/match/392226.html'
b'Super Kings',b'Mum Indians',b'Super Kings',b'7 wickets',b'Port Elizabeth',NA,NA,b'http://stats.espncricinfo.com/ipl2009/engine/match/392227.html'
b'Chargers',b'KKR',b'Chargers',b'6 wickets',b'Johannesburg',NA,NA,b'http://stats.espncricinfo.com/ipl2009/engine/match/392228.html'
b'Chargers',b'Kings XI',b'Kings XI',b'1 run',b'Johannesburg',NA,NA,b'http://stats.espncricinfo.com/ipl2009/engine/match/392229.html'
b'Daredevils',b'Royals',b'Daredevils',b'14 runs',b'Bloemfontein',NA,NA,b'http://stats.espncricinfo.com/ipl2009/engine/match/392230.html'
b'Super Kings',b'KKR',b'KKR',b'7 wickets',b'Centurion',NA,NA,b'http://stats.espncricinfo.com/ipl2009/engine/match/392231.html'
b'RCB',b'Daredevils',b'RCB',b'7 wickets',b'Johannesburg',NA,NA,b'http://stats.espncricinfo.com/ipl2009/engine/match/392232.html'
b'KKR',b'Royals',b'KKR',b'4 wickets',b'Durban',NA,NA,b'http://stats.espncricinfo.com/ipl2009/engine/match/392233.html'
b'Super Kings',b'Kings XI',b'Super Kings',b'24 runs',b'Durban',NA,NA,b'http://stats.espncricinfo.com/ipl2009/engine/match/392234.html'
b'Daredevils',b'Mum Indians',b'Daredevils',b'4 wickets',b'Centurion',NA,NA,b'http://stats.espncricinfo.com/ipl2009/engine/match/392235.html'
b'RCB',b'Chargers',b'RCB',b'12 runs',b'Centurion',NA,NA,b'http://stats.espncricinfo.com/ipl2009/engine/match/392236.html'
b'Daredevils',b'Chargers',b'Chargers',b'6 wickets',b'Centurion',NA,NA,b'http://stats.espncricinfo.com/ipl2009/engine/match/392237.html'
b'RCB',b'Super Kings',b'RCB',b'6 wickets',b'Johannesburg',NA,NA,b'http://stats.espncricinfo.com/ipl2009/engine/match/392238.html'
b'RCB',b'Chargers',b'Chargers',b'6 runs',b'Johannesburg',NA,NA,b'http://stats.espncricinfo.com/ipl2009/engine/match/392239.html'
b'RCB',b'KKR',b'KKR',b'140 runs',b'Bengaluru',NA,NA,b'http://stats.espncricinfo.com/ipl/engine/match/335982.html'
b'Kings XI',b'Super Kings',b'Super Kings',b'33 runs',b'Mohali',NA,NA,b'http://stats.espncricinfo.com/ipl/engine/match/335983.html'
b'Daredevils',b'Royals',b'Daredevils',b'9 wickets',b'Delhi',NA,NA,b'http://stats.espncricinfo.com/ipl/engine/match/335984.html'
b'KKR',b'Chargers',b'KKR',b'5 wickets',b'Kolkata',NA,NA,b'http://stats.espncricinfo.com/ipl/engine/match/335986.html'
b'Mum Indians',b'RCB',b'RCB',b'5 wickets',b'Mumbai',NA,NA,b'http://stats.espncricinfo.com/ipl/engine/match/335985.html'
b'Royals',b'Kings XI',b'Royals',b'6 wickets',b'Jaipur',NA,NA,b'http://stats.espncricinfo.com/ipl/engine/match/335987.html'
b'Chargers',b'Daredevils',b'Daredevils',b'9 wickets',b'Hyderabad (Deccan)',NA,NA,b'http://stats.espncricinfo.com/ipl/engine/match/335988.html'
b'Super Kings',b'Mum Indians',b'Super Kings',b'6 runs',b'Chennai',NA,NA,b'http://stats.espncricinfo.com/ipl/engine/match/335989.html'
b'Chargers',b'Royals',b'Royals',b'3 wickets',b'Hyderabad (Deccan)',NA,NA,b'http://stats.espncricinfo.com/ipl/engine/match/335990.html'
b'Kings XI',b'Mum Indians',b'Kings XI',b'66 runs',b'Mohali',NA,NA,b'http://stats.espncricinfo.com/ipl/engine/match/335991.html'
b'Super Kings',b'KKR',b'Super Kings',b'9 wickets',b'Chennai',NA,NA,b'http://stats.espncricinfo.com/ipl/engine/match/335993.html'
b'RCB',b'Royals',b'Royals',b'7 wickets',b'Bengaluru',NA,NA,b'http://stats.espncricinfo.com/ipl/engine/match/335992.html'
b'Kings XI',b'Daredevils',b'Kings XI',b'4 wickets',b'Mohali',NA,NA,b'http://stats.espncricinfo.com/ipl/engine/match/335995.html'
b'Mum Indians',b'Chargers',b'Chargers',b'10 wickets',b'Mumbai',NA,NA,b'http://stats.espncricinfo.com/ipl/engine/match/335994.html'
b'RCB',b'Super Kings',b'Super Kings',b'13 runs',b'Bengaluru',NA,NA,b'http://stats.espncricinfo.com/ipl/engine/match/335996.html'
b'KKR',b'Mum Indians',b'Mum Indians',b'7 wickets',b'Kolkata',NA,NA,b'http://stats.espncricinfo.com/ipl/engine/match/335997.html'
b'Daredevils',b'RCB',b'Daredevils',b'10 runs',b'Delhi',NA,NA,b'http://stats.espncricinfo.com/ipl/engine/match/335998.html'
b'Royals',b'KKR',b'Royals',b'45 runs',b'Jaipur',NA,NA,b'http://stats.espncricinfo.com/ipl/engine/match/336000.html'
b'Chargers',b'Kings XI',b'Kings XI',b'7 wickets',b'Hyderabad (Deccan)',NA,NA,b'http://stats.espncricinfo.com/ipl/engine/match/335999.html'
b'Super Kings',b'Daredevils',b'Daredevils',b'8 wickets',b'Chennai',NA,NA,b'http://stats.espncricinfo.com/ipl/engine/match/336001.html'
b'RCB',b'Chargers',b'RCB',b'3 runs',b'Bengaluru',NA,NA,b'http://stats.espncricinfo.com/ipl/engine/match/336034.html'
b'Kings XI',b'KKR',b'Kings XI',b'9 runs',b'Mohali',NA,NA,b'http://stats.espncricinfo.com/ipl/engine/match/336003.html'
b'Mum Indians',b'Daredevils',b'Mum Indians',b'29 runs',b'Mumbai',NA,NA,b'http://stats.espncricinfo.com/ipl/engine/match/336004.html'
b'Royals',b'Super Kings',b'Royals',b'8 wickets',b'Jaipur',NA,NA,b'http://stats.espncricinfo.com/ipl/engine/match/336005.html'
b'RCB',b'Kings XI',b'Kings XI',b'6 wickets',b'Bengaluru',NA,NA,b'http://stats.espncricinfo.com/ipl/engine/match/336006.html'
b'Super Kings',b'Chargers',b'Chargers',b'7 wickets',b'Chennai',NA,NA,b'http://stats.espncricinfo.com/ipl/engine/match/336007.html'
b'Mum Indians',b'Royals',b'Mum Indians',b'7 wickets',b'Mumbai',NA,NA,b'http://stats.espncricinfo.com/ipl/engine/match/336008.html'
b'Daredevils',b'Super Kings',b'Super Kings',b'4 wickets',b'Delhi',NA,NA,b'http://stats.espncricinfo.com/ipl/engine/match/336009.html'
b'KKR',b'RCB',b'KKR',b'5 runs',b'Kolkata',NA,NA,b'http://stats.espncricinfo.com/ipl/engine/match/336010.html'
b'Royals',b'Chargers',b'Royals',b'8 wickets',b'Jaipur',NA,NA,b'http://stats.espncricinfo.com/ipl/engine/match/336011.html'
b'Super Kings',b'Kings XI',b'Super Kings',b'18 runs',b'Chennai',NA,NA,b'http://stats.espncricinfo.com/ipl/engine/match/336013.html'
b'Chargers',b'KKR',b'KKR',b'23 runs',b'Hyderabad (Deccan)',NA,NA,b'http://stats.espncricinfo.com/ipl/engine/match/336014.html'
b'Royals',b'Daredevils',b'Royals',b'3 wickets',b'Jaipur',NA,NA,b'http://stats.espncricinfo.com/ipl/engine/match/336015.html'
b'Kings XI',b'RCB',b'Kings XI',b'9 wickets',b'Mohali',NA,NA,b'http://stats.espncricinfo.com/ipl/engine/match/336016.html'
b'KKR',b'Daredevils',b'KKR',b'23 runs',b'Kolkata',NA,NA,b'http://stats.espncricinfo.com/ipl/engine/match/336017.html'
b'Mum Indians',b'Super Kings',b'Mum Indians',b'9 wickets',b'Mumbai',NA,NA,b'http://stats.espncricinfo.com/ipl/engine/match/336018.html'
b'Daredevils',b'Chargers',b'Daredevils',b'12 runs',b'Delhi',NA,NA,b'http://stats.espncricinfo.com/ipl/engine/match/336020.html'
b'Mum Indians',b'KKR',b'Mum Indians',b'8 wickets',b'Mumbai',NA,NA,b'http://stats.espncricinfo.com/ipl/engine/match/336021.html'
b'Royals',b'RCB',b'Royals',b'65 runs',b'Jaipur',NA,NA,b'http://stats.espncricinfo.com/ipl/engine/match/336023.html'
b'Daredevils',b'Kings XI',b'Kings XI',b'6 runs',b'Delhi',NA,NA,b'http://stats.espncricinfo.com/ipl/engine/match/336022.html'
b'KKR',b'Super Kings',b'Super Kings',b'3 runs',b'Kolkata',NA,NA,b'http://stats.espncricinfo.com/ipl/engine/match/336025.html'
b'Chargers',b'Mum Indians',b'Mum Indians',b'25 runs',b'Hyderabad (Deccan)',NA,NA,b'http://stats.espncricinfo.com/ipl/engine/match/336024.html'
b'RCB',b'Daredevils',b'Daredevils',b'5 wickets',b'Bengaluru',NA,NA,b'http://stats.espncricinfo.com/ipl/engine/match/336026.html'
b'KKR',b'Royals',b'Royals',b'6 wickets',b'Kolkata',NA,NA,b'http://stats.espncricinfo.com/ipl/engine/match/336027.html'
b'Mum Indians',b'Kings XI',b'Kings XI',b'1 run',b'Mumbai',NA,NA,b'http://stats.espncricinfo.com/ipl/engine/match/336028.html'
b'Super Kings',b'RCB',b'RCB',b'14 runs',b'Chennai',NA,NA,b'http://stats.espncricinfo.com/ipl/engine/match/336029.html'
b'Daredevils',b'KKR',b'abandoned',b'',b'Delhi',NA,NA,b'http://stats.espncricinfo.com/ipl/engine/match/336030.html'
b'Kings XI',b'Chargers',b'Kings XI',b'6 wickets',b'Mohali',NA,NA,b'http://stats.espncricinfo.com/ipl/engine/match/336031.html'
b'Super Kings',b'Royals',b'Royals',b'10 runs',b'Chennai',NA,NA,b'http://stats.espncricinfo.com/ipl/engine/match/336033.html'
b'Daredevils',b'Mum Indians',b'Daredevils',b'5 wickets',b'Delhi',NA,NA,b'http://stats.espncricinfo.com/ipl/engine/match/336032.html'
b'Chargers',b'RCB',b'RCB',b'5 wickets',b'Hyderabad (Deccan)',NA,NA,b'http://stats.espncricinfo.com/ipl/engine/match/336002.html'
b'KKR',b'Kings XI',b'KKR',b'3 wickets',b'Kolkata',NA,NA,b'http://stats.espncricinfo.com/ipl/engine/match/336035.html'
b'Royals',b'Mum Indians',b'Royals',b'5 wickets',b'Jaipur',NA,NA,b'http://stats.espncricinfo.com/ipl/engine/match/336036.html'
b'Chargers',b'Super Kings',b'Super Kings',b'7 wickets',b'Hyderabad (Deccan)',NA,NA,b'http://stats.espncricinfo.com/ipl/engine/match/336037.html'
b'RCB',b'Mum Indians',b'Mum Indians',b'9 wickets',b'Bengaluru',NA,NA,b'http://stats.espncricinfo.com/ipl/engine/match/336012.html'
b'Kings XI',b'Royals',b'Kings XI',b'41 runs',b'Mohali',NA,NA,b'http://stats.espncricinfo.com/ipl/engine/match/336019.html'
b'Daredevils',b'Royals',b'Royals',b'105 runs',b'Mumbai',NA,NA,b'http://stats.espncricinfo.com/ipl/engine/match/336038.html'
b'Super Kings',b'Kings XI',b'Super Kings',b'9 wickets',b'Mumbai',NA,NA,b'http://stats.espncricinfo.com/ipl/engine/match/336039.html'
b'Super Kings',b'Royals',b'Royals',b'3 wickets',b'Mumbai',NA,NA,b'http://stats.espncricinfo.com/ipl/engine/match/336040.html'
